CRACMMv0.1,1,XYOP,1
CRACMMv0.1,2,HC8,1
CRACMMv0.1,3,XYOP,1
CRACMMv0.1,4,SLOWROC,1
CRACMMv0.1,5,SLOWROC,1
CRACMMv0.1,6,HC8,1
CRACMMv0.1,7,SLOWROC,1
CRACMMv0.1,8,HC8,1
CRACMMv0.1,9,HC8,1
CRACMMv0.1,10,HC8,1
CRACMMv0.1,11,HC8,1
CRACMMv0.1,12,HC8,1
CRACMMv0.1,13,HC8,1
CRACMMv0.1,14,HC8,1
CRACMMv0.1,15,SLOWROC,1
CRACMMv0.1,16,SLOWROC,1
CRACMMv0.1,17,OLT,1
CRACMMv0.1,18,KET,1
CRACMMv0.1,19,HC8,1
CRACMMv0.1,20,HC8,1
CRACMMv0.1,21,HC8,1
CRACMMv0.1,22,IVOCP6ARO,1
CRACMMv0.1,23,XYM,1
CRACMMv0.1,24,XYOP,1
CRACMMv0.1,25,XYM,1
CRACMMv0.1,26,HC8,1
CRACMMv0.1,27,HC8,1
CRACMMv0.1,28,XYM,1
CRACMMv0.1,29,IVOCP6ARO,1
CRACMMv0.1,30,XYM,1
CRACMMv0.1,31,HC8,1
CRACMMv0.1,33,DIEN,1
CRACMMv0.1,34,HC3,1
CRACMMv0.1,35,HC8,1
CRACMMv0.1,36,XYOP,1
CRACMMv0.1,37,XYOP,1
CRACMMv0.1,39,XYOP,1
CRACMMv0.1,40,HC8,1
CRACMMv0.1,41,HC3,1
CRACMMv0.1,42,DIEN,1
CRACMMv0.1,43,IVOCP6ARO,1
CRACMMv0.1,44,XYM,1
CRACMMv0.1,45,HC8,1
CRACMMv0.1,46,BDE13,1
CRACMMv0.1,47,HC8,1
CRACMMv0.1,48,DIEN,1
CRACMMv0.1,49,XYOP,1
CRACMMv0.1,50,OLI,1
CRACMMv0.1,51,XYOP,1
CRACMMv0.1,52,XYOP,1
CRACMMv0.1,53,XYOP,1
CRACMMv0.1,54,XYM,1
CRACMMv0.1,55,XYOP,1
CRACMMv0.1,56,HC5,1
CRACMMv0.1,57,IVOCP6ARO,1
CRACMMv0.1,58,IVOCP6ARO,1
CRACMMv0.1,59,XYOP,1
CRACMMv0.1,60,XYOP,1
CRACMMv0.1,61,HC8,1
CRACMMv0.1,62,XYM,1
CRACMMv0.1,63,XYM,1
CRACMMv0.1,64,OLT,1
CRACMMv0.1,65,HC8,1
CRACMMv0.1,68,HC8,1
CRACMMv0.1,69,HC8,1
CRACMMv0.1,70,HC8,1
CRACMMv0.1,71,XYM,1
CRACMMv0.1,74,XYOP,1
CRACMMv0.1,75,HC8,1
CRACMMv0.1,76,OLT,1
CRACMMv0.1,77,ROH,1
CRACMMv0.1,78,OLT,1
CRACMMv0.1,80,XYOP,1
CRACMMv0.1,81,XYOP,1
CRACMMv0.1,82,HC8,1
CRACMMv0.1,83,XYM,1
CRACMMv0.1,84,XYOP,1
CRACMMv0.1,85,IVOCP6,1
CRACMMv0.1,86,XYOP,1
CRACMMv0.1,88,XYM,1
CRACMMv0.1,89,XYM,1
CRACMMv0.1,90,XYOP,1
CRACMMv0.1,91,HC8,1
CRACMMv0.1,92,XYOP,1
CRACMMv0.1,94,XYOP,1
CRACMMv0.1,95,HC8,1
CRACMMv0.1,96,XYM,1
CRACMMv0.1,97,IVOCP6ARO,1
CRACMMv0.1,98,HC8,1
CRACMMv0.1,99,XYM,1
CRACMMv0.1,100,XYOP,1
CRACMMv0.1,101,XYOP,1
CRACMMv0.1,103,OLI,1
CRACMMv0.1,104,IVOCP6ARO,1
CRACMMv0.1,105,NAPH,1
CRACMMv0.1,106,OLT,1
CRACMMv0.1,107,OLT,1
CRACMMv0.1,108,OLT,1
CRACMMv0.1,109,HC5,1
CRACMMv0.1,110,HC5,1
CRACMMv0.1,111,HC8,1
CRACMMv0.1,112,HC5,1
CRACMMv0.1,113,HC5,1
CRACMMv0.1,114,HC8,1
CRACMMv0.1,115,IVOCP4,1
CRACMMv0.1,116,HC8,1
CRACMMv0.1,117,HC8,1
CRACMMv0.1,118,HC5,1
CRACMMv0.1,120,HC8,1
CRACMMv0.1,121,HC8,1
CRACMMv0.1,122,HC3,1
CRACMMv0.1,123,HC8,1
CRACMMv0.1,124,HC5,1
CRACMMv0.1,125,HC8,1
CRACMMv0.1,126,HC3,1
CRACMMv0.1,127,HC3,1
CRACMMv0.1,128,HC5,1
CRACMMv0.1,129,HC8,1
CRACMMv0.1,130,HC8,1
CRACMMv0.1,131,HC8,1
CRACMMv0.1,132,HC8,1
CRACMMv0.1,133,OLT,1
CRACMMv0.1,134,OLI,1
CRACMMv0.1,135,OLI,1
CRACMMv0.1,136,HC5,1
CRACMMv0.1,137,HC8,1
CRACMMv0.1,138,HC5,1
CRACMMv0.1,139,HC8,1
CRACMMv0.1,140,HC5,1
CRACMMv0.1,141,OLI,1
CRACMMv0.1,142,OLI,1
CRACMMv0.1,143,HC8,1
CRACMMv0.1,144,PHEN,1
CRACMMv0.1,145,HC8,1
CRACMMv0.1,146,OLT,1
CRACMMv0.1,147,OLI,1
CRACMMv0.1,148,HC8,1
CRACMMv0.1,149,HC5,1
CRACMMv0.1,150,HC8,1
CRACMMv0.1,151,HC8,1
CRACMMv0.1,152,HC5,1
CRACMMv0.1,153,KET,1
CRACMMv0.1,154,IVOCP5ARO,1
CRACMMv0.1,155,HC8,1
CRACMMv0.1,156,HC5,1
CRACMMv0.1,157,HC8,1
CRACMMv0.1,158,HC8,1
CRACMMv0.1,159,HC8,1
CRACMMv0.1,160,HC8,1
CRACMMv0.1,161,HC8,1
CRACMMv0.1,162,HC8,1
CRACMMv0.1,163,HC8,1
CRACMMv0.1,164,HC8,1
CRACMMv0.1,165,HC8,1
CRACMMv0.1,166,PAH,1
CRACMMv0.1,167,IVOCP5,1
CRACMMv0.1,168,ROH,1
CRACMMv0.1,169,ROH,1
CRACMMv0.1,170,HC8,1
CRACMMv0.1,171,XYOP,1
CRACMMv0.1,172,ROH,1
CRACMMv0.1,173,HC8,1
CRACMMv0.1,174,IVOCP6,1
CRACMMv0.1,175,HC8,1
CRACMMv0.1,176,OLI,1
CRACMMv0.1,177,OLI,1
CRACMMv0.1,178,ROH,1
CRACMMv0.1,179,HC8,1
CRACMMv0.1,180,ROH,1
CRACMMv0.1,181,OLT,1
CRACMMv0.1,182,HC8,1
CRACMMv0.1,183,OLT,1
CRACMMv0.1,184,OLT,1
CRACMMv0.1,185,OLI,1
CRACMMv0.1,186,OLI,1
CRACMMv0.1,187,OLI,1
CRACMMv0.1,188,MACR,1
CRACMMv0.1,189,HC5,1
CRACMMv0.1,190,OLI,1
CRACMMv0.1,191,HC8,1
CRACMMv0.1,192,HC8,1
CRACMMv0.1,193,HC8,1
CRACMMv0.1,194,HC5,1
CRACMMv0.1,195,IVOCP6ARO,1
CRACMMv0.1,196,NAPH,1
CRACMMv0.1,197,HC8,1
CRACMMv0.1,198,HC8,1
CRACMMv0.1,199,HC5,1
CRACMMv0.1,200,HC8,1
CRACMMv0.1,201,IVOCP4ARO,1
CRACMMv0.1,202,HC8,1
CRACMMv0.1,203,OLT,1
CRACMMv0.1,204,OLT,1
CRACMMv0.1,205,HC8,1
CRACMMv0.1,206,HC5,1
CRACMMv0.1,207,HC8,1
CRACMMv0.1,208,HC5,1
CRACMMv0.1,209,OLT,1
CRACMMv0.1,210,OLI,1
CRACMMv0.1,211,HC8,1
CRACMMv0.1,212,HC5,1
CRACMMv0.1,213,HC8,1
CRACMMv0.1,214,ROH,1
CRACMMv0.1,215,HC8,1
CRACMMv0.1,216,HC8,1
CRACMMv0.1,217,HC8,1
CRACMMv0.1,218,HC8,1
CRACMMv0.1,219,HC8,1
CRACMMv0.1,220,HC8,1
CRACMMv0.1,221,OLI,1
CRACMMv0.1,222,HC8,1
CRACMMv0.1,223,HC8,1
CRACMMv0.1,224,HC8,1
CRACMMv0.1,225,HC8,1
CRACMMv0.1,226,HC8,1
CRACMMv0.1,227,HC8,1
CRACMMv0.1,228,HC8,1
CRACMMv0.1,229,HC5,1
CRACMMv0.1,230,OLT,1
CRACMMv0.1,231,OLT,1
CRACMMv0.1,232,OLT,1
CRACMMv0.1,233,HC5,1
CRACMMv0.1,234,ROH,1
CRACMMv0.1,235,OLI,1
CRACMMv0.1,236,OLI,1
CRACMMv0.1,237,OLI,1
CRACMMv0.1,239,OLI,1
CRACMMv0.1,240,OLI,1
CRACMMv0.1,242,OLI,1
CRACMMv0.1,243,HC8,1
CRACMMv0.1,244,HC8,1
CRACMMv0.1,245,HC5,1
CRACMMv0.1,246,HC8,1
CRACMMv0.1,247,HC8,1
CRACMMv0.1,248,HC5,1
CRACMMv0.1,249,HC8,1
CRACMMv0.1,250,XYM,1
CRACMMv0.1,251,OLI,1
CRACMMv0.1,252,OLI,1
CRACMMv0.1,253,HC8,1
CRACMMv0.1,254,HC8,1
CRACMMv0.1,255,HC8,1
CRACMMv0.1,256,HC8,1
CRACMMv0.1,257,OLT,1
CRACMMv0.1,258,OLT,1
CRACMMv0.1,259,ROH,1
CRACMMv0.1,260,OLI,1
CRACMMv0.1,261,OLI,1
CRACMMv0.1,262,OLI,1
CRACMMv0.1,263,HC8,1
CRACMMv0.1,264,HC8,1
CRACMMv0.1,265,IVOCP6ARO,1
CRACMMv0.1,266,HC8,1
CRACMMv0.1,267,HC8,1
CRACMMv0.1,268,HC8,1
CRACMMv0.1,269,HC8,1
CRACMMv0.1,270,OLT,1
CRACMMv0.1,271,OLI,1
CRACMMv0.1,272,HC8,1
CRACMMv0.1,273,IVOCP6ARO,1
CRACMMv0.1,274,HC8,1
CRACMMv0.1,275,HC8,1
CRACMMv0.1,276,HC8,1
CRACMMv0.1,277,HC8,1
CRACMMv0.1,279,ACD,1
CRACMMv0.1,280,ORA2,1
CRACMMv0.1,281,ACT,1
CRACMMv0.1,282,ACE,1
CRACMMv0.1,283,ACRO,1
CRACMMv0.1,284,IVOCP4ARO,1
CRACMMv0.1,285,OLT,1
CRACMMv0.1,286,HC8,1
CRACMMv0.1,287,HC8,1
CRACMMv0.1,288,ACT,1
CRACMMv0.1,292,UNKKOH,1
CRACMMv0.1,294,UNKKOH,1
CRACMMv0.1,295,HC8,1
CRACMMv0.1,296,UNKKOH,1
CRACMMv0.1,298,UNKKOH,1
CRACMMv0.1,299,XYM,1
CRACMMv0.1,300,UNKKOH,1
CRACMMv0.1,301,BALD,1
CRACMMv0.1,302,BEN,1
CRACMMv0.1,304,IVOCP5ARO,1
CRACMMv0.1,305,PAH,1
CRACMMv0.1,306,CSL,1
CRACMMv0.1,307,UNKKOH,1
CRACMMv0.1,308,SLOWROC,1
CRACMMv0.1,310,ROH,1
CRACMMv0.1,311,PAH,1
CRACMMv0.1,312,HC8,1
CRACMMv0.1,313,ALD,1
CRACMMv0.1,314,CSL,1
CRACMMv0.1,317,CSL,1
CRACMMv0.1,318,XYM,1
CRACMMv0.1,319,OLI,1
CRACMMv0.1,320,IVOCP6ARO,1
CRACMMv0.1,321,IVOCP6ARO,1
CRACMMv0.1,327,HC8,1
CRACMMv0.1,328,UNKKOH,1
CRACMMv0.1,329,UNKKOH,1
CRACMMv0.1,330,KET,1
CRACMMv0.1,331,IVOCP6,1
CRACMMv0.1,332,SLOWROC,1
CRACMMv0.1,333,SLOWROC,1
CRACMMv0.1,335,SLOWROC,1
CRACMMv0.1,337,UNKKOH,1
CRACMMv0.1,339,UNKKOH,1
CRACMMv0.1,340,XYOP,1
CRACMMv0.1,341,SLOWROC,1
CRACMMv0.1,343,SLOWROC,1
CRACMMv0.1,344,SLOWROC,1
CRACMMv0.1,345,PAH,1
CRACMMv0.1,346,IVOCP4ARO,1
CRACMMv0.1,347,UNKKOH,1
CRACMMv0.1,349,HC8,1
CRACMMv0.1,351,HC8,1
CRACMMv0.1,352,HC8,1
CRACMMv0.1,353,HC8,1
CRACMMv0.1,356,HC8,1
CRACMMv0.1,357,HC8,1
CRACMMv0.1,360,HC8,1
CRACMMv0.1,361,HC8,1
CRACMMv0.1,362,HC8,1
CRACMMv0.1,363,HC8,1
CRACMMv0.1,364,HC8,1
CRACMMv0.1,365,HC8,1
CRACMMv0.1,367,OLI,1
CRACMMv0.1,368,OLI,1
CRACMMv0.1,369,OLI,1
CRACMMv0.1,370,OLI,1
CRACMMv0.1,371,OLI,1
CRACMMv0.1,372,OLI,1
CRACMMv0.1,373,OLI,1
CRACMMv0.1,374,HC8,1
CRACMMv0.1,376,HC8,1
CRACMMv0.1,377,LIM,1
CRACMMv0.1,378,LIM,1
CRACMMv0.1,379,UNKKOH,1
CRACMMv0.1,380,UNKKOH,1
CRACMMv0.1,381,CSL,1
CRACMMv0.1,382,MACR,1
CRACMMv0.1,383,IVOCP4ARO,1
CRACMMv0.1,384,HC8,1
CRACMMv0.1,385,HC8,1
CRACMMv0.1,386,ROH,1
CRACMMv0.1,387,OLI,1
CRACMMv0.1,388,OLI,1
CRACMMv0.1,389,HC3,1
CRACMMv0.1,390,HC5,1
CRACMMv0.1,391,OLI,1
CRACMMv0.1,392,LIM,1
CRACMMv0.1,393,PAH,1
CRACMMv0.1,394,PAH,1
CRACMMv0.1,395,IVOCP6,1
CRACMMv0.1,396,HKET,1
CRACMMv0.1,398,PAH,1
CRACMMv0.1,399,XYOP,1
CRACMMv0.1,400,SLOWROC,1
CRACMMv0.1,401,SLOWROC,1
CRACMMv0.1,402,IVOCP3,1
CRACMMv0.1,403,ROH,1
CRACMMv0.1,404,HC8,1
CRACMMv0.1,406,IVOCP5,1
CRACMMv0.1,407,IVOCP6,1
CRACMMv0.1,408,HC8,1
CRACMMv0.1,409,PAH,1
CRACMMv0.1,411,KET,1
CRACMMv0.1,412,IVOCP5,1
CRACMMv0.1,413,IVOCP3,1
CRACMMv0.1,414,SVOCP2,1
CRACMMv0.1,415,HC5,1
CRACMMv0.1,416,HC5,1
CRACMMv0.1,417,HC3,1
CRACMMv0.1,418,HC3,1
CRACMMv0.1,419,IVOCP5ARO,1
CRACMMv0.1,420,HC3,1
CRACMMv0.1,421,HC5,1
CRACMMv0.1,422,IVOCP6,1
CRACMMv0.1,424,HC8,1
CRACMMv0.1,429,HC8,1
CRACMMv0.1,430,HC8,1
CRACMMv0.1,432,IVOCP3,1
CRACMMv0.1,433,HC8,1
CRACMMv0.1,435,LIM,1
CRACMMv0.1,436,SLOWROC,1
CRACMMv0.1,437,IVOCP5,1
CRACMMv0.1,438,ETH,1
CRACMMv0.1,439,IVOCP6,1
CRACMMv0.1,440,HC3,1
CRACMMv0.1,441,OLT,1
CRACMMv0.1,442,EOH,1
CRACMMv0.1,443,HC3,1
CRACMMv0.1,444,IVOCP6ARO,1
CRACMMv0.1,445,HC8,1
CRACMMv0.1,446,HC8,1
CRACMMv0.1,447,HC8,1
CRACMMv0.1,448,HC8,1
CRACMMv0.1,449,XYOP,1
CRACMMv0.1,450,HC8,1
CRACMMv0.1,451,HC8,1
CRACMMv0.1,452,ETE,1
CRACMMv0.1,453,SLOWROC,1
CRACMMv0.1,454,SLOWROC,1
CRACMMv0.1,455,ETEG,1
CRACMMv0.1,456,HC8,1
CRACMMv0.1,457,HC5,1
CRACMMv0.1,458,ROH,1
CRACMMv0.1,459,SLOWROC,1
CRACMMv0.1,461,HC8,1
CRACMMv0.1,463,HC8,1
CRACMMv0.1,465,HCHO,1
CRACMMv0.1,466,ORA1,1
CRACMMv0.1,467,LIM,1
CRACMMv0.1,468,UNKKOH,1
CRACMMv0.1,469,IVOCP6ARO,1
CRACMMv0.1,470,DCB1,1
CRACMMv0.1,471,IVOCP3,1
CRACMMv0.1,472,IVOCP4,1
CRACMMv0.1,473,IVOCP6,1
CRACMMv0.1,474,IVOCP5,1
CRACMMv0.1,476,SVOCP0,1
CRACMMv0.1,477,UNKKOH,1
CRACMMv0.1,478,SLOWROC,1
CRACMMv0.1,479,SLOWROC,1
CRACMMv0.1,480,IVOCP6,1
CRACMMv0.1,481,HC8,1
CRACMMv0.1,482,IVOCP5,1
CRACMMv0.1,483,HC3,1
CRACMMv0.1,484,HC3,1
CRACMMv0.1,485,XYOP,1
CRACMMv0.1,486,XYM,1
CRACMMv0.1,487,UNKKOH,1
CRACMMv0.1,488,UNKKOH,1
CRACMMv0.1,489,HC8,1
CRACMMv0.1,490,IVOCP6,1
CRACMMv0.1,491,HC3,1
CRACMMv0.1,492,HC5,1
CRACMMv0.1,493,ROH,1
CRACMMv0.1,494,HC8,1
CRACMMv0.1,495,HC8,1
CRACMMv0.1,496,HC8,1
CRACMMv0.1,497,OLT,1
CRACMMv0.1,498,OLI,1
CRACMMv0.1,500,HC8,1
CRACMMv0.1,502,XYOP,1
CRACMMv0.1,505,HC8,1
CRACMMv0.1,506,HC8,1
CRACMMv0.1,508,HC5,1
CRACMMv0.1,509,IVOCP5,1
CRACMMv0.1,510,OLI,1
CRACMMv0.1,511,ISO,1
CRACMMv0.1,512,HC3,1
CRACMMv0.1,513,ROH,1
CRACMMv0.1,514,XYOP,1
CRACMMv0.1,515,HC8,1
CRACMMv0.1,517,ALD,1
CRACMMv0.1,518,IVOCP6,1
CRACMMv0.1,519,UNKKOH,1
CRACMMv0.1,520,UNKKOH,1
CRACMMv0.1,521,LIM,1
CRACMMv0.1,522,XYM,1
CRACMMv0.1,523,CSL,1
CRACMMv0.1,524,XYM,1
CRACMMv0.1,525,UNKKOH,1
CRACMMv0.1,526,UNKKOH,1
CRACMMv0.1,527,IVOCP5,1
CRACMMv0.1,528,UNKKOH,1
CRACMMv0.1,529,ECH4,1
CRACMMv0.1,531,MOH,1
CRACMMv0.1,532,KET,1
CRACMMv0.1,533,SLOWROC,1
CRACMMv0.1,534,IVOCP6,1
CRACMMv0.1,535,SLOWROC,1
CRACMMv0.1,536,MEK,1
CRACMMv0.1,537,HC5,1
CRACMMv0.1,539,KET,1
CRACMMv0.1,540,HC8,1
CRACMMv0.1,541,OLT,1
CRACMMv0.1,542,KET,1
CRACMMv0.1,543,IVOCP6,1
CRACMMv0.1,544,KET,1
CRACMMv0.1,545,HC8,1
CRACMMv0.1,546,CSL,1
CRACMMv0.1,547,XYM,1
CRACMMv0.1,548,HC3,1
CRACMMv0.1,550,HC8,1
CRACMMv0.1,551,HC8,1
CRACMMv0.1,552,HC8,1
CRACMMv0.1,553,OLT,1
CRACMMv0.1,554,PAH,1
CRACMMv0.1,556,NAPH,1
CRACMMv0.1,557,IVOCP4ARO,1
CRACMMv0.1,558,HC5,1
CRACMMv0.1,559,IVOCP6ARO,1
CRACMMv0.1,569,OLT,1
CRACMMv0.1,570,ROH,1
CRACMMv0.1,572,HC3,1
CRACMMv0.1,583,HC8,1
CRACMMv0.1,584,OLI,1
CRACMMv0.1,585,IVOCP5,1
CRACMMv0.1,586,UNKKOH,1
CRACMMv0.1,587,IVOCP6,1
CRACMMv0.1,589,HC8,1
CRACMMv0.1,590,ROH,1
CRACMMv0.1,591,PAH,1
CRACMMv0.1,592,HC3,1
CRACMMv0.1,593,HC5,1
CRACMMv0.1,594,OLT,1
CRACMMv0.1,595,ROH,1
CRACMMv0.1,596,XYOP,1
CRACMMv0.1,597,HC8,1
CRACMMv0.1,598,HC8,1
CRACMMv0.1,599,IVOCP6,1
CRACMMv0.1,600,HC8,1
CRACMMv0.1,601,HC5,1
CRACMMv0.1,602,IVOCP6ARO,1
CRACMMv0.1,603,HC8,1
CRACMMv0.1,604,HC8,1
CRACMMv0.1,605,HC5,1
CRACMMv0.1,606,XYOP,1
CRACMMv0.1,607,ROH,1
CRACMMv0.1,608,XYOP,1
CRACMMv0.1,609,IVOCP6,1
CRACMMv0.1,610,HC8,1
CRACMMv0.1,611,NAPH,1
CRACMMv0.1,612,UNKKOH,1
CRACMMv0.1,613,UNKKOH,1
CRACMMv0.1,614,SLOWROC,1
CRACMMv0.1,618,CSL,1
CRACMMv0.1,619,XYOP,1
CRACMMv0.1,620,XYOP,1
CRACMMv0.1,622,HC8,1
CRACMMv0.1,623,IVOCP6,1
CRACMMv0.1,624,LIM,1
CRACMMv0.1,626,SLOWROC,1
CRACMMv0.1,627,PAH,1
CRACMMv0.1,628,HC8,1
CRACMMv0.1,629,HC8,1
CRACMMv0.1,638,HC8,1
CRACMMv0.1,639,ACT,1
CRACMMv0.1,641,HC8,1
CRACMMv0.1,642,ACT,1
CRACMMv0.1,643,IVOCP6,1
CRACMMv0.1,644,IVOCP3,1
CRACMMv0.1,645,PAH,1
CRACMMv0.1,646,CSL,1
CRACMMv0.1,647,SLOWROC,1
CRACMMv0.1,648,XYOP,1
CRACMMv0.1,649,UNKKOH,1
CRACMMv0.1,650,SVOCP0,1
CRACMMv0.1,651,SVOCP0,1
CRACMMv0.1,652,SLOWROC,1
CRACMMv0.1,653,IVOCP6,1
CRACMMv0.1,654,PAH,1
CRACMMv0.1,655,IVOCP5ARO,1
CRACMMv0.1,656,IVOCP6,1
CRACMMv0.1,657,IVOCP6,1
CRACMMv0.1,658,HC8,1
CRACMMv0.1,660,HC3,1
CRACMMv0.1,661,SLOWROC,1
CRACMMv0.1,663,PHEN,1
CRACMMv0.1,664,CSL,1
CRACMMv0.1,665,UNKKOH,1
CRACMMv0.1,666,UNKKOH,1
CRACMMv0.1,667,API,1
CRACMMv0.1,668,SVOCP2,1
CRACMMv0.1,669,UNKKOH,1
CRACMMv0.1,671,HC3,1
CRACMMv0.1,673,ALD,1
CRACMMv0.1,674,HC3,1
CRACMMv0.1,675,OLI,1
CRACMMv0.1,676,HC8,1
CRACMMv0.1,677,HC8,1
CRACMMv0.1,678,OLT,1
CRACMMv0.1,679,IVOCP5,1
CRACMMv0.1,680,IVOCP6,1
CRACMMv0.1,681,ROH,1
CRACMMv0.1,682,ROH,1
CRACMMv0.1,683,ROH,1
CRACMMv0.1,684,HC8,1
CRACMMv0.1,685,ROH,1
CRACMMv0.1,686,ROH,1
CRACMMv0.1,687,HC3,1
CRACMMv0.1,689,UNKKOH,1
CRACMMv0.1,690,XYM,1
CRACMMv0.1,692,ROH,1
CRACMMv0.1,693,UNKKOH,1
CRACMMv0.1,694,UNKKOH,1
CRACMMv0.1,695,UNKKOH,1
CRACMMv0.1,696,UNKKOH,1
CRACMMv0.1,697,UNKKOH,1
CRACMMv0.1,698,XYM,1
CRACMMv0.1,699,UNKKOH,1
CRACMMv0.1,700,UNKKOH,1
CRACMMv0.1,701,HC5,1
CRACMMv0.1,702,HC3,1
CRACMMv0.1,703,XYOP,1
CRACMMv0.1,704,HC8,1
CRACMMv0.1,705,LIM,1
CRACMMv0.1,706,ROH,1
CRACMMv0.1,707,HC8,1
CRACMMv0.1,708,ROH,1
CRACMMv0.1,709,HC8,1
CRACMMv0.1,710,KET,1
CRACMMv0.1,711,IVOCP6,1
CRACMMv0.1,712,UNKKOH,1
CRACMMv0.1,713,PAH,1
CRACMMv0.1,714,UNKKOH,1
CRACMMv0.1,715,UNKKOH,1
CRACMMv0.1,716,BALD,1
CRACMMv0.1,717,TOLUENE,1
CRACMMv0.1,719,HC8,1
CRACMMv0.1,720,HC8,1
CRACMMv0.1,721,HC8,1
CRACMMv0.1,722,HC8,1
CRACMMv0.1,723,OLI,1
CRACMMv0.1,724,HC8,1
CRACMMv0.1,725,HC8,1
CRACMMv0.1,726,HC8,1
CRACMMv0.1,727,HC8,1
CRACMMv0.1,728,DIEN,1
CRACMMv0.1,729,HC8,1
CRACMMv0.1,730,HC8,1
CRACMMv0.1,732,HC8,1
CRACMMv0.1,734,HC8,1
CRACMMv0.1,736,HC8,1
CRACMMv0.1,737,OLI,1
CRACMMv0.1,738,HC8,1
CRACMMv0.1,739,OLI,1
CRACMMv0.1,740,OLI,1
CRACMMv0.1,741,OLI,1
CRACMMv0.1,742,OLI,1
CRACMMv0.1,743,OLI,1
CRACMMv0.1,744,OLI,1
CRACMMv0.1,745,OLI,1
CRACMMv0.1,746,OLI,1
CRACMMv0.1,747,OLI,1
CRACMMv0.1,748,SLOWROC,1
CRACMMv0.1,749,SLOWROC,1
CRACMMv0.1,750,SVOCP1,1
CRACMMv0.1,751,HC8,1
CRACMMv0.1,752,IVOCP4,1
CRACMMv0.1,753,PAH,1
CRACMMv0.1,754,SVOCP2,1
CRACMMv0.1,755,XYM,1
CRACMMv0.1,757,IVOCP6,1
CRACMMv0.1,760,HC8,1
CRACMMv0.1,761,API,1
CRACMMv0.1,765,UNKKOH,1
CRACMMv0.1,767,UNKKOH,1
CRACMMv0.1,768,OLT,1
CRACMMv0.1,769,OLT,1
CRACMMv0.1,770,OLT,1
CRACMMv0.1,771,OLT,1
CRACMMv0.1,772,HC8,1
CRACMMv0.1,773,HC3,1
CRACMMv0.1,775,XYOP,1
CRACMMv0.1,776,CSL,1
CRACMMv0.1,777,UNKKOH,1
CRACMMv0.1,778,UNKKOH,1
CRACMMv0.1,779,UNKKOH,1
CRACMMv0.1,784,UNKKOH,1
CRACMMv0.1,785,UNKKOH,1
CRACMMv0.1,788,SLOWROC,1
CRACMMv0.1,789,SLOWROC,1
CRACMMv0.1,790,SLOWROC,1
CRACMMv0.1,791,SLOWROC,1
CRACMMv0.1,792,SLOWROC,1
CRACMMv0.1,794,SLOWROC,1
CRACMMv0.1,795,UNKKOH,1
CRACMMv0.1,796,SLOWROC,1
CRACMMv0.1,797,SLOWROC,1
CRACMMv0.1,810,UNKKOH,1
CRACMMv0.1,830,UNKKOH,1
CRACMMv0.1,831,UNKKOH,1
CRACMMv0.1,839,GLY,1
CRACMMv0.1,840,ALD,1
CRACMMv0.1,843,UNKKOH,1
CRACMMv0.1,845,ALD,1
CRACMMv0.1,846,NAPH,1
CRACMMv0.1,847,NAPH,1
CRACMMv0.1,848,PAH,1
CRACMMv0.1,849,PAH,1
CRACMMv0.1,850,PAH,1
CRACMMv0.1,851,PAH,1
CRACMMv0.1,852,PAH,1
CRACMMv0.1,853,PAH,1
CRACMMv0.1,854,PAH,1
CRACMMv0.1,855,PAH,1
CRACMMv0.1,856,PAH,1
CRACMMv0.1,857,PAH,1
CRACMMv0.1,858,PAH,1
CRACMMv0.1,859,NAPH,1
CRACMMv0.1,860,NAPH,1
CRACMMv0.1,861,PAH,1
CRACMMv0.1,862,PAH,1
CRACMMv0.1,864,PAH,1
CRACMMv0.1,865,PAH,1
CRACMMv0.1,866,PAH,1
CRACMMv0.1,867,PAH,1
CRACMMv0.1,868,PAH,1
CRACMMv0.1,869,PAH,1
CRACMMv0.1,870,PAH,1
CRACMMv0.1,871,NAPH,1
CRACMMv0.1,872,PAH,1
CRACMMv0.1,873,NAPH,1
CRACMMv0.1,875,NAPH,1
CRACMMv0.1,876,PAH,1
CRACMMv0.1,877,NAPH,1
CRACMMv0.1,878,NAPH,1
CRACMMv0.1,879,NAPH,1
CRACMMv0.1,880,NAPH,1
CRACMMv0.1,881,PAH,1
CRACMMv0.1,882,PAH,1
CRACMMv0.1,883,NAPH,1
CRACMMv0.1,884,PAH,1
CRACMMv0.1,885,PAH,1
CRACMMv0.1,886,PAH,1
CRACMMv0.1,887,PAH,1
CRACMMv0.1,888,NAPH,1
CRACMMv0.1,889,PAH,1
CRACMMv0.1,890,NAPH,1
CRACMMv0.1,891,NAPH,1
CRACMMv0.1,892,PAH,1
CRACMMv0.1,893,PAH,1
CRACMMv0.1,894,PAH,1
CRACMMv0.1,895,PAH,1
CRACMMv0.1,898,PAH,1
CRACMMv0.1,899,PAH,1
CRACMMv0.1,901,PAH,1
CRACMMv0.1,902,PAH,1
CRACMMv0.1,903,PAH,1
CRACMMv0.1,904,PAH,1
CRACMMv0.1,905,PAH,1
CRACMMv0.1,906,NAPH,1
CRACMMv0.1,908,NAPH,1
CRACMMv0.1,909,PAH,1
CRACMMv0.1,910,PAH,1
CRACMMv0.1,911,PAH,1
CRACMMv0.1,912,PAH,1
CRACMMv0.1,913,PAH,1
CRACMMv0.1,914,PAH,1
CRACMMv0.1,915,PAH,1
CRACMMv0.1,916,NAPH,1
CRACMMv0.1,917,PAH,1
CRACMMv0.1,918,PAH,1
CRACMMv0.1,919,PAH,1
CRACMMv0.1,920,PAH,1
CRACMMv0.1,921,PAH,1
CRACMMv0.1,922,PAH,1
CRACMMv0.1,923,PAH,1
CRACMMv0.1,924,PAH,1
CRACMMv0.1,925,PAH,1
CRACMMv0.1,926,PAH,1
CRACMMv0.1,927,PAH,1
CRACMMv0.1,928,PAH,1
CRACMMv0.1,929,PAH,1
CRACMMv0.1,930,PAH,1
CRACMMv0.1,931,PAH,1
CRACMMv0.1,932,NAPH,1
CRACMMv0.1,933,SVOCN1,1
CRACMMv0.1,934,PAH,1
CRACMMv0.1,935,CSL,1
CRACMMv0.1,936,SVOCN1,1
CRACMMv0.1,937,IVOCP4ARO,1
CRACMMv0.1,938,IVOCP3,1
CRACMMv0.1,939,SVOCP0,1
CRACMMv0.1,940,IVOCP4,1
CRACMMv0.1,941,IVOCP4,1
CRACMMv0.1,942,PAH,1
CRACMMv0.1,943,SVOCP0,1
CRACMMv0.1,944,SVOCN1,1
CRACMMv0.1,945,SVOCP1,1
CRACMMv0.1,946,SVOCP1,1
CRACMMv0.1,947,CSL,1
CRACMMv0.1,948,SVOCP0,1
CRACMMv0.1,949,SVOCP0,1
CRACMMv0.1,950,IVOCP5,1
CRACMMv0.1,951,SVOCP0,1
CRACMMv0.1,952,CSL,1
CRACMMv0.1,953,PAH,1
CRACMMv0.1,954,SVOCP2,1
CRACMMv0.1,955,SVOCP0,1
CRACMMv0.1,956,CSL,1
CRACMMv0.1,957,PAH,1
CRACMMv0.1,958,SVOCP1,1
CRACMMv0.1,959,SVOCP0,1
CRACMMv0.1,960,SVOCP1,1
CRACMMv0.1,961,SVOCP1,1
CRACMMv0.1,962,SVOCP1,1
CRACMMv0.1,963,PAH,1
CRACMMv0.1,964,IVOCP4ARO,1
CRACMMv0.1,965,SVOCP0,1
CRACMMv0.1,966,SVOCP1,1
CRACMMv0.1,967,SVOCP0,1
CRACMMv0.1,968,PAH,1
CRACMMv0.1,969,PAH,1
CRACMMv0.1,970,SVOCP2,1
CRACMMv0.1,971,SVOCP0,1
CRACMMv0.1,972,SVOCP0,1
CRACMMv0.1,973,PAH,1
CRACMMv0.1,976,IVOCP6ARO,1
CRACMMv0.1,977,API,1
CRACMMv0.1,979,SESQ,1
CRACMMv0.1,981,XYOP,1
CRACMMv0.1,986,PAH,1
CRACMMv0.1,992,SLOWROC,1
CRACMMv0.1,994,SVOCN1,1
CRACMMv0.1,996,OLT,1
CRACMMv0.1,997,IVOCP6,1
CRACMMv0.1,998,IVOCP6,1
CRACMMv0.1,999,SVOCN1,1
CRACMMv0.1,1000,SVOCN1,1
CRACMMv0.1,1001,IVOCP6ARO,1
CRACMMv0.1,1002,XYM,1
CRACMMv0.1,1003,IVOCP6ARO,1
CRACMMv0.1,1007,IVOCP6ARO,1
CRACMMv0.1,1012,XYM,1
CRACMMv0.1,1013,IVOCP6ARO,1
CRACMMv0.1,1014,DIEN,1
CRACMMv0.1,1015,IVOCP6ARO,1
CRACMMv0.1,1016,IVOCP5,1
CRACMMv0.1,1018,ALD,1
CRACMMv0.1,1020,HC8,1
CRACMMv0.1,1021,IVOCP5ARO,1
CRACMMv0.1,1023,XYM,1
CRACMMv0.1,1027,SVOCN1,1
CRACMMv0.1,1028,XYM,1
CRACMMv0.1,1030,LIM,1
CRACMMv0.1,1036,XYM,1
CRACMMv0.1,1042,SVOCP2,1
CRACMMv0.1,1043,IVOCP3,1
CRACMMv0.1,1044,PAH,1
CRACMMv0.1,1045,IVOCP4,1
CRACMMv0.1,1047,IVOCP3,1
CRACMMv0.1,1048,IVOCP4,1
CRACMMv0.1,1049,IVOCP5,1
CRACMMv0.1,1051,IVOCP5,1
CRACMMv0.1,1056,SVOCP1,1
CRACMMv0.1,1057,IVOCP6,1
CRACMMv0.1,1065,ALD,1
CRACMMv0.1,1079,IVOCP6ARO,1
CRACMMv0.1,1082,OLT,1
CRACMMv0.1,1083,API,1
CRACMMv0.1,1093,OLT,1
CRACMMv0.1,1106,NAPH,1
CRACMMv0.1,1109,HC8,1
CRACMMv0.1,1120,IVOCP6,1
CRACMMv0.1,1123,UALD,1
CRACMMv0.1,1127,IVOCP4ARO,1
CRACMMv0.1,1133,IVOCP6ARO,1
CRACMMv0.1,1134,IVOCP6ARO,1
CRACMMv0.1,1135,IVOCP6ARO,1
CRACMMv0.1,1136,IVOCP6ARO,1
CRACMMv0.1,1153,OLI,1
CRACMMv0.1,1165,SLOWROC,1
CRACMMv0.1,1166,SLOWROC,1
CRACMMv0.1,1167,PAH,1
CRACMMv0.1,1168,PAH,1
CRACMMv0.1,1170,PAH,1
CRACMMv0.1,1171,PAH,1
CRACMMv0.1,1172,PAH,1
CRACMMv0.1,1173,PAH,1
CRACMMv0.1,1183,SLOWROC,1
CRACMMv0.1,1190,SLOWROC,1
CRACMMv0.1,1194,IVOCP5,1
CRACMMv0.1,1254,NAPH,1
CRACMMv0.1,1265,NAPH,1
CRACMMv0.1,1267,NAPH,1
CRACMMv0.1,1289,NAPH,1
CRACMMv0.1,1298,NAPH,1
CRACMMv0.1,1313,NAPH,1
CRACMMv0.1,1316,NAPH,1
CRACMMv0.1,1317,NAPH,1
CRACMMv0.1,1320,NAPH,1
CRACMMv0.1,1325,NAPH,1
CRACMMv0.1,1328,NAPH,1
CRACMMv0.1,1330,NAPH,1
CRACMMv0.1,1352,NAPH,1
CRACMMv0.1,1390,SVOCP0,1
CRACMMv0.1,1392,SVOCN1,1
CRACMMv0.1,1418,SVOCP0,1
CRACMMv0.1,1423,SVOCN1,1
CRACMMv0.1,1437,PAH,1
CRACMMv0.1,1438,CSL,1
CRACMMv0.1,1460,CSL,1
CRACMMv0.1,1461,NAPH,1
CRACMMv0.1,1462,BALD,1
CRACMMv0.1,1463,SLOWROC,1
CRACMMv0.1,1464,MGLY,1
CRACMMv0.1,1465,IVOCP6ARO,1
CRACMMv0.1,1466,IVOCP6ARO,1
CRACMMv0.1,1467,BALD,1
CRACMMv0.1,1468,HC8,1
CRACMMv0.1,1469,HC8,1
CRACMMv0.1,1471,HC8,1
CRACMMv0.1,1473,HC8,1
CRACMMv0.1,1476,HC8,1
CRACMMv0.1,1479,HC8,1
CRACMMv0.1,1481,HC5,1
CRACMMv0.1,1482,HC8,1
CRACMMv0.1,1485,HC8,1
CRACMMv0.1,1487,HC8,1
CRACMMv0.1,1488,HC8,1
CRACMMv0.1,1489,HC8,1
CRACMMv0.1,1491,HC8,1
CRACMMv0.1,1492,HC8,1
CRACMMv0.1,1493,HC8,1
CRACMMv0.1,1494,HC8,1
CRACMMv0.1,1495,HC8,1
CRACMMv0.1,1496,XYOP,1
CRACMMv0.1,1497,HC8,1
CRACMMv0.1,1501,HC8,1
CRACMMv0.1,1504,HC8,1
CRACMMv0.1,1505,HC8,1
CRACMMv0.1,1506,HC8,1
CRACMMv0.1,1508,HC8,1
CRACMMv0.1,1509,HC8,1
CRACMMv0.1,1510,HC8,1
CRACMMv0.1,1511,HC8,1
CRACMMv0.1,1512,HC8,1
CRACMMv0.1,1513,IVOCP6,1
CRACMMv0.1,1514,IVOCP6,1
CRACMMv0.1,1515,IVOCP6,1
CRACMMv0.1,1516,IVOCP6,1
CRACMMv0.1,1518,HC8,1
CRACMMv0.1,1519,OLT,1
CRACMMv0.1,1520,HC8,1
CRACMMv0.1,1521,HC8,1
CRACMMv0.1,1522,HC8,1
CRACMMv0.1,1523,HC8,1
CRACMMv0.1,1525,HC8,1
CRACMMv0.1,1526,IVOCP6,1
CRACMMv0.1,1530,HC8,1
CRACMMv0.1,1531,IVOCP6,1
CRACMMv0.1,1535,HC8,1
CRACMMv0.1,1536,HC8,1
CRACMMv0.1,1538,HC8,1
CRACMMv0.1,1539,HC5,1
CRACMMv0.1,1546,HC8,1
CRACMMv0.1,1547,XYM,1
CRACMMv0.1,1548,XYM,1
CRACMMv0.1,1549,HC8,1
CRACMMv0.1,1550,HC8,1
CRACMMv0.1,1552,HC8,1
CRACMMv0.1,1554,XYM,1
CRACMMv0.1,1555,XYM,1
CRACMMv0.1,1556,XYM,1
CRACMMv0.1,1557,IVOCP6ARO,1
CRACMMv0.1,1558,XYM,1
CRACMMv0.1,1561,IVOCP6ARO,1
CRACMMv0.1,1562,XYOP,1
CRACMMv0.1,1563,XYM,1
CRACMMv0.1,1564,XYOP,1
CRACMMv0.1,1565,XYOP,1
CRACMMv0.1,1566,XYM,1
CRACMMv0.1,1567,XYM,1
CRACMMv0.1,1569,XYM,1
CRACMMv0.1,1572,XYOP,1
CRACMMv0.1,1573,XYOP,1
CRACMMv0.1,1574,XYOP,1
CRACMMv0.1,1575,XYM,1
CRACMMv0.1,1576,XYOP,1
CRACMMv0.1,1577,XYM,1
CRACMMv0.1,1579,HC8,1
CRACMMv0.1,1581,XYOP,1
CRACMMv0.1,1582,IVOCP6ARO,1
CRACMMv0.1,1583,HC8,1
CRACMMv0.1,1584,OLT,1
CRACMMv0.1,1585,OLT,1
CRACMMv0.1,1586,HC8,1
CRACMMv0.1,1587,OLT,1
CRACMMv0.1,1588,HC8,1
CRACMMv0.1,1589,HC8,1
CRACMMv0.1,1592,HC8,1
CRACMMv0.1,1595,IVOCP3,1
CRACMMv0.1,1596,SVOCP1,1
CRACMMv0.1,1597,SVOCP2,1
CRACMMv0.1,1598,SVOCP2,1
CRACMMv0.1,1599,SVOCP1,1
CRACMMv0.1,1600,SVOCP1,1
CRACMMv0.1,1601,SVOCP1,1
CRACMMv0.1,1602,SVOCN1,1
CRACMMv0.1,1603,SVOCN1,1
CRACMMv0.1,1604,SVOCN1,1
CRACMMv0.1,1605,SVOCN1,1
CRACMMv0.1,1606,SVOCN1,1
CRACMMv0.1,1607,SVOCN1,1
CRACMMv0.1,1608,SVOCN1,1
CRACMMv0.1,1610,PAH,1
CRACMMv0.1,1611,PAH,1
CRACMMv0.1,1613,CSL,1
CRACMMv0.1,1614,PAH,1
CRACMMv0.1,1615,PAH,1
CRACMMv0.1,1616,PAH,1
CRACMMv0.1,1617,IVOCP4,1
CRACMMv0.1,1618,IVOCP4,1
CRACMMv0.1,1619,IVOCP5,1
CRACMMv0.1,1620,SVOCP0,1
CRACMMv0.1,1621,SVOCP0,1
CRACMMv0.1,1622,SVOCP0,1
CRACMMv0.1,1623,SVOCP0,1
CRACMMv0.1,1624,SVOCP0,1
CRACMMv0.1,1625,SVOCP1,1
CRACMMv0.1,1626,SVOCP1,1
CRACMMv0.1,1628,SVOCN1,1
CRACMMv0.1,1629,SVOCP1,1
CRACMMv0.1,1630,SVOCN1,1
CRACMMv0.1,1631,IVOCP5ARO,1
CRACMMv0.1,1632,SVOCP0,1
CRACMMv0.1,1633,PAH,1
CRACMMv0.1,1634,PAH,1
CRACMMv0.1,1635,PAH,1
CRACMMv0.1,1636,SVOCP0,1
CRACMMv0.1,1637,SVOCN1,1
CRACMMv0.1,1638,SVOCN1,1
CRACMMv0.1,1639,SVOCN1,1
CRACMMv0.1,1642,SVOCP0,1
CRACMMv0.1,1643,SVOCN1,1
CRACMMv0.1,1644,IVOCP5ARO,1
CRACMMv0.1,1645,PAH,1
CRACMMv0.1,1646,PAH,1
CRACMMv0.1,1647,SVOCN1,1
CRACMMv0.1,1650,PAH,1
CRACMMv0.1,1651,OLI,1
CRACMMv0.1,1655,XYOP,1
CRACMMv0.1,1656,KET,1
CRACMMv0.1,1658,IVOCP6,1
CRACMMv0.1,1659,IVOCP5,1
CRACMMv0.1,1660,IVOCP5ARO,1
CRACMMv0.1,1661,IVOCP5,1
CRACMMv0.1,1662,IVOCP5,1
CRACMMv0.1,1663,IVOCP4,1
CRACMMv0.1,1664,IVOCP3,1
CRACMMv0.1,1665,KET,1
CRACMMv0.1,1666,IVOCP6,1
CRACMMv0.1,1667,IVOCP5,1
CRACMMv0.1,1668,IVOCP5,1
CRACMMv0.1,1669,IVOCP5,1
CRACMMv0.1,1670,DIEN,1
CRACMMv0.1,1671,API,1
CRACMMv0.1,1672,IVOCP5ARO,1
CRACMMv0.1,1673,IVOCP5,1
CRACMMv0.1,1674,IVOCP4,1
CRACMMv0.1,1675,IVOCP6,1
CRACMMv0.1,1676,IVOCP6,1
CRACMMv0.1,1677,IVOCP5,1
CRACMMv0.1,1678,HC5,1
CRACMMv0.1,1679,IVOCP6,1
CRACMMv0.1,1680,UNKKOH,1
CRACMMv0.1,1681,SVOCP2,1
CRACMMv0.1,1683,SVOCP1,1
CRACMMv0.1,1684,IVOCP5,1
CRACMMv0.1,1685,IVOCP6,1
CRACMMv0.1,1686,IVOCP6,1
CRACMMv0.1,1688,IVOCP3,1
CRACMMv0.1,1689,SVOCP2,1
CRACMMv0.1,1690,IVOCP6,1
CRACMMv0.1,1691,HC8,1
CRACMMv0.1,1692,IVOCP5,1
CRACMMv0.1,1693,IVOCP5,1
CRACMMv0.1,1694,IVOCP4,1
CRACMMv0.1,1695,IVOCP4,1
CRACMMv0.1,1697,PAH,1
CRACMMv0.1,1698,PAH,1
CRACMMv0.1,1699,PAH,1
CRACMMv0.1,1702,PAH,1
CRACMMv0.1,1704,IVOCP4,1
CRACMMv0.1,1705,IVOCP4,1
CRACMMv0.1,1708,SVOCP1,1
CRACMMv0.1,1712,BALD,1
CRACMMv0.1,1713,IVOCP6ARO,1
CRACMMv0.1,1714,PAH,1
CRACMMv0.1,1715,PAH,1
CRACMMv0.1,1716,IVOCP4,1
CRACMMv0.1,1717,IVOCP3,1
CRACMMv0.1,1718,SVOCP2,1
CRACMMv0.1,1722,PAH,1
CRACMMv0.1,1723,PAH,1
CRACMMv0.1,1724,SVOCN1,1
CRACMMv0.1,1727,SVOCP0,1
CRACMMv0.1,1728,SVOCN1,1
CRACMMv0.1,1729,UNKKOH,1
CRACMMv0.1,1730,SVOCP2,1
CRACMMv0.1,1731,SVOCP2,1
CRACMMv0.1,1732,SVOCP2,1
CRACMMv0.1,1733,SVOCP2,1
CRACMMv0.1,1734,SVOCP0,1
CRACMMv0.1,1736,SVOCP0,1
CRACMMv0.1,1738,SVOCN1,1
CRACMMv0.1,1747,DIEN,1
CRACMMv0.1,1748,IVOCP4ARO,1
CRACMMv0.1,1749,PAH,1
CRACMMv0.1,1750,IVOCP5ARO,1
CRACMMv0.1,1751,MGLY,1
CRACMMv0.1,1752,CSL,1
CRACMMv0.1,1753,CSL,1
CRACMMv0.1,1754,CSL,1
CRACMMv0.1,1755,PHEN,1
CRACMMv0.1,1756,PAH,1
CRACMMv0.1,1757,PAH,1
CRACMMv0.1,1758,PAH,1
CRACMMv0.1,1759,NAPH,1
CRACMMv0.1,1760,CSL,1
CRACMMv0.1,1763,PAH,1
CRACMMv0.1,1764,PAH,1
CRACMMv0.1,1765,PAH,1
CRACMMv0.1,1766,IVOCP4ARO,1
CRACMMv0.1,1767,PAH,1
CRACMMv0.1,1768,PAH,1
CRACMMv0.1,1770,PAH,1
CRACMMv0.1,1773,SVOCP0,1
CRACMMv0.1,1774,SVOCP1,1
CRACMMv0.1,1777,BALD,1
CRACMMv0.1,1778,PAH,1
CRACMMv0.1,1780,PAH,1
CRACMMv0.1,1783,PAH,1
CRACMMv0.1,1787,IVOCP5ARO,1
CRACMMv0.1,1788,IVOCP5ARO,1
CRACMMv0.1,1790,IVOCP4,1
CRACMMv0.1,1793,SVOCP1,1
CRACMMv0.1,1795,SVOCN1,1
CRACMMv0.1,1796,SVOCN1,1
CRACMMv0.1,1797,SVOCP0,1
CRACMMv0.1,1799,SVOCP1,1
CRACMMv0.1,1800,IVOCP4ARO,1
CRACMMv0.1,1801,NAPH,1
CRACMMv0.1,1804,IVOCP6ARO,1
CRACMMv0.1,1805,IVOCP6ARO,1
CRACMMv0.1,1806,IVOCP4ARO,1
CRACMMv0.1,1807,IVOCP4ARO,1
CRACMMv0.1,1808,PAH,1
CRACMMv0.1,1809,IVOCP5ARO,1
CRACMMv0.1,1810,IVOCP5ARO,1
CRACMMv0.1,1812,IVOCP6ARO,1
CRACMMv0.1,1813,IVOCP6ARO,1
CRACMMv0.1,1814,CSL,1
CRACMMv0.1,1816,HC3,1
CRACMMv0.1,1817,IVOCP4ARO,1
CRACMMv0.1,1818,IVOCP6ARO,1
CRACMMv0.1,1819,IVOCP4ARO,1
CRACMMv0.1,1820,IVOCP4ARO,1
CRACMMv0.1,1821,SVOCN1,1
CRACMMv0.1,1822,PAH,1
CRACMMv0.1,1823,IVOCP4ARO,1
CRACMMv0.1,1824,ALD,1
CRACMMv0.1,1825,KET,1
CRACMMv0.1,1828,IVOCP5ARO,1
CRACMMv0.1,1829,IVOCP4ARO,1
CRACMMv0.1,1831,SVOCN1,1
CRACMMv0.1,1833,SVOCN1,1
CRACMMv0.1,1835,SVOCP1,1
CRACMMv0.1,1836,IVOCP5,1
CRACMMv0.1,1837,IVOCP5,1
CRACMMv0.1,1839,UNKKOH,1
CRACMMv0.1,1840,IVOCP6,1
CRACMMv0.1,1841,IVOCP5,1
CRACMMv0.1,1843,SVOCP2,1
CRACMMv0.1,1846,SVOCN1,1
CRACMMv0.1,1847,UNKKOH,1
CRACMMv0.1,1848,PAH,1
CRACMMv0.1,1849,UNKKOH,1
CRACMMv0.1,1850,UNKKOH,1
CRACMMv0.1,1851,UNKKOH,1
CRACMMv0.1,1852,UNKKOH,1
CRACMMv0.1,1853,UNKKOH,1
CRACMMv0.1,1854,UNKKOH,1
CRACMMv0.1,1855,UNKKOH,1
CRACMMv0.1,1856,UNKKOH,1
CRACMMv0.1,1857,UNKKOH,1
CRACMMv0.1,1858,UNKKOH,1
CRACMMv0.1,1859,UNKKOH,1
CRACMMv0.1,1860,UNKKOH,1
CRACMMv0.1,1861,UNKKOH,1
CRACMMv0.1,1862,UNKKOH,1
CRACMMv0.1,1863,UNKKOH,1
CRACMMv0.1,1864,UNKKOH,1
CRACMMv0.1,1865,UNKKOH,1
CRACMMv0.1,1866,UNKKOH,1
CRACMMv0.1,1867,UNKKOH,1
CRACMMv0.1,1868,UNKKOH,1
CRACMMv0.1,1869,UNKKOH,1
CRACMMv0.1,1870,UNKKOH,1
CRACMMv0.1,1871,UNKKOH,1
CRACMMv0.1,1872,UNKKOH,1
CRACMMv0.1,1873,PAH,1
CRACMMv0.1,1875,PAH,1
CRACMMv0.1,1879,OLI,1
CRACMMv0.1,1880,IVOCP5ARO,1
CRACMMv0.1,1881,NAPH,1
CRACMMv0.1,1882,CSL,1
CRACMMv0.1,1884,UNKKOH,1
CRACMMv0.1,1885,ROH,1
CRACMMv0.1,1886,OLI,1
CRACMMv0.1,1887,HC3,1
CRACMMv0.1,1889,OLI,1
CRACMMv0.1,1890,HC8,1
CRACMMv0.1,1891,IVOCP6,1
CRACMMv0.1,1892,KET,1
CRACMMv0.1,1893,HC8,1
CRACMMv0.1,1894,HC8,1
CRACMMv0.1,1895,OLI,1
CRACMMv0.1,1896,PAH,1
CRACMMv0.1,1897,CSL,1
CRACMMv0.1,1898,IVOCP6ARO,1
CRACMMv0.1,1899,XYM,1
CRACMMv0.1,1900,IVOCP6ARO,1
CRACMMv0.1,1901,HC3,1
CRACMMv0.1,1902,SLOWROC,1
CRACMMv0.1,1903,OLT,1
CRACMMv0.1,1904,API,1
CRACMMv0.1,1905,PAH,1
CRACMMv0.1,1906,IVOCP6ARO,1
CRACMMv0.1,1908,IVOCP6ARO,1
CRACMMv0.1,1909,XYOP,1
CRACMMv0.1,1910,XYM,1
CRACMMv0.1,1911,IVOCP5ARO,1
CRACMMv0.1,1912,NAPH,1
CRACMMv0.1,1913,UNKKOH,1
CRACMMv0.1,1914,LIM,1
CRACMMv0.1,1915,PAH,1
CRACMMv0.1,1918,HC8,1
CRACMMv0.1,1919,HC3,1
CRACMMv0.1,1920,IVOCP5ARO,1
CRACMMv0.1,1921,PAH,1
CRACMMv0.1,1922,ECH4,1
CRACMMv0.1,1924,HC8,1
CRACMMv0.1,1925,OLT,1
CRACMMv0.1,1926,HC8,1
CRACMMv0.1,1929,HC8,1
CRACMMv0.1,1930,OLT,1
CRACMMv0.1,1932,IVOCP6ARO,1
CRACMMv0.1,1934,IVOCP6,1
CRACMMv0.1,1936,IVOCP6,1
CRACMMv0.1,1938,IVOCP5,1
CRACMMv0.1,1941,IVOCP4,1
CRACMMv0.1,1945,IVOCP6ARO,1
CRACMMv0.1,1960,NAPH,1
CRACMMv0.1,1978,IVOCP6,1
CRACMMv0.1,1983,CSL,1
CRACMMv0.1,1984,XYM,1
CRACMMv0.1,1987,IVOCP6,1
CRACMMv0.1,1992,IVOCP6,1
CRACMMv0.1,1993,XYOP,1
CRACMMv0.1,1994,XYOP,1
CRACMMv0.1,1995,CSL,1
CRACMMv0.1,1996,XYOP,1
CRACMMv0.1,1997,IVOCP6,1
CRACMMv0.1,2001,IVOCP6,1
CRACMMv0.1,2002,XYM,1
CRACMMv0.1,2023,API,1
CRACMMv0.1,2024,PAH,1
CRACMMv0.1,2025,SESQ,1
CRACMMv0.1,2026,SLOWROC,1
CRACMMv0.1,2027,DIEN,1
CRACMMv0.1,2028,XYOP,1
CRACMMv0.1,2029,SLOWROC,1
CRACMMv0.1,2030,OLI,1
CRACMMv0.1,2034,CSL,1
CRACMMv0.1,2036,HC8,1
CRACMMv0.1,2037,HC8,1
CRACMMv0.1,2038,IVOCP5,1
CRACMMv0.1,2041,IVOCP4ARO,1
CRACMMv0.1,2044,HC8,1
CRACMMv0.1,2046,SLOWROC,1
CRACMMv0.1,2047,HC8,1
CRACMMv0.1,2048,IVOCP4,1
CRACMMv0.1,2050,IVOCP6,1
CRACMMv0.1,2052,XYM,1
CRACMMv0.1,2054,NAPH,1
CRACMMv0.1,2055,IVOCP5ARO,1
CRACMMv0.1,2056,HC8,1
CRACMMv0.1,2057,HC8,1
CRACMMv0.1,2059,IVOCP6,1
CRACMMv0.1,2061,HC8,1
CRACMMv0.1,2063,IVOCP4ARO,1
CRACMMv0.1,2064,IVOCP6,1
CRACMMv0.1,2066,IVOCP6,1
CRACMMv0.1,2069,XYM,1
CRACMMv0.1,2070,XYM,1
CRACMMv0.1,2071,IVOCP4ARO,1
CRACMMv0.1,2072,HC8,1
CRACMMv0.1,2073,HC8,1
CRACMMv0.1,2074,IVOCP6,1
CRACMMv0.1,2077,ROH,1
CRACMMv0.1,2079,PAH,1
CRACMMv0.1,2080,IVOCP6,1
CRACMMv0.1,2081,XYM,1
CRACMMv0.1,2082,IVOCP5,1
CRACMMv0.1,2083,HC3,1
CRACMMv0.1,2085,HC8,1
CRACMMv0.1,2092,SVOCN1,1
CRACMMv0.1,2095,HC8,1
CRACMMv0.1,2096,IVOCP6ARO,1
CRACMMv0.1,2097,HC8,1
CRACMMv0.1,2099,HC8,1
CRACMMv0.1,2103,HC8,1
CRACMMv0.1,2105,DIEN,1
CRACMMv0.1,2106,LIM,1
CRACMMv0.1,2107,DIEN,1
CRACMMv0.1,2109,SLOWROC,1
CRACMMv0.1,2110,DIEN,1
CRACMMv0.1,2111,SLOWROC,1
CRACMMv0.1,2112,HC3,1
CRACMMv0.1,2113,IVOCP6,1
CRACMMv0.1,2114,SVOCP1,1
CRACMMv0.1,2117,ROH,1
CRACMMv0.1,2118,OLT,1
CRACMMv0.1,2119,ALD,1
CRACMMv0.1,2122,HC8,1
CRACMMv0.1,2125,IVOCP3,1
CRACMMv0.1,2126,HC8,1
CRACMMv0.1,2127,HC5,1
CRACMMv0.1,2129,IVOCP4,1
CRACMMv0.1,2131,IVOCP5,1
CRACMMv0.1,2136,IVOCP6,1
CRACMMv0.1,2139,SVOCP2,1
CRACMMv0.1,2140,IVOCP6ARO,1
CRACMMv0.1,2142,OLI,1
CRACMMv0.1,2144,OLT,1
CRACMMv0.1,2145,NAPH,1
CRACMMv0.1,2153,IVOCP5,1
CRACMMv0.1,2154,SLOWROC,1
CRACMMv0.1,2155,KET,1
CRACMMv0.1,2156,IVOCP4,1
CRACMMv0.1,2157,NAPH,1
CRACMMv0.1,2158,IVOCP3,1
CRACMMv0.1,2159,SVOCP2,1
CRACMMv0.1,2160,SLOWROC,1
CRACMMv0.1,2161,DIEN,1
CRACMMv0.1,2162,HC8,1
CRACMMv0.1,2166,ISO,1
CRACMMv0.1,2170,HC8,1
CRACMMv0.1,2171,DIEN,1
CRACMMv0.1,2172,HC8,1
CRACMMv0.1,2173,IVOCP5ARO,1
CRACMMv0.1,2175,SLOWROC,1
CRACMMv0.1,2176,HC8,1
CRACMMv0.1,2179,IVOCP6,1
CRACMMv0.1,2186,IVOCP6ARO,1
CRACMMv0.1,2189,OLT,1
CRACMMv0.1,2190,NAPH,1
CRACMMv0.1,2191,HC8,1
CRACMMv0.1,2194,HC5,1
CRACMMv0.1,2196,OLT,1
CRACMMv0.1,2199,HC8,1
CRACMMv0.1,2201,LIM,1
CRACMMv0.1,2202,IVOCP4ARO,1
CRACMMv0.1,2204,IVOCP4,1
CRACMMv0.1,2205,PAH,1
CRACMMv0.1,2206,SLOWROC,1
CRACMMv0.1,2208,OLT,1
CRACMMv0.1,2209,IVOCP6,1
CRACMMv0.1,2210,NAPH,1
CRACMMv0.1,2211,HC3,1
CRACMMv0.1,2214,IVOCP3,1
CRACMMv0.1,2217,IVOCP5,1
CRACMMv0.1,2219,SLOWROC,1
CRACMMv0.1,2221,ROH,1
CRACMMv0.1,2223,ROH,1
CRACMMv0.1,2224,OLI,1
CRACMMv0.1,2227,XYOP,1
CRACMMv0.1,2228,IVOCP4ARO,1
CRACMMv0.1,2230,DIEN,1
CRACMMv0.1,2231,SVOCP1,1
CRACMMv0.1,2232,SVOCN1,1
CRACMMv0.1,2233,ORA2,1
CRACMMv0.1,2235,CSL,1
CRACMMv0.1,2238,DIEN,1
CRACMMv0.1,2244,OLI,1
CRACMMv0.1,2246,PAH,1
CRACMMv0.1,2247,LIM,1
CRACMMv0.1,2249,HC8,1
CRACMMv0.1,2251,IVOCP3,1
CRACMMv0.1,2252,SLOWROC,1
CRACMMv0.1,2255,HC8,1
CRACMMv0.1,2258,OLI,1
CRACMMv0.1,2260,IVOCP3,1
CRACMMv0.1,2261,IVOCP4,1
CRACMMv0.1,2262,IVOCP4,1
CRACMMv0.1,2263,SLOWROC,1
CRACMMv0.1,2264,HC8,1
CRACMMv0.1,2265,HC8,1
CRACMMv0.1,2267,HC8,1
CRACMMv0.1,2268,HC8,1
CRACMMv0.1,2270,IVOCP6ARO,1
CRACMMv0.1,2272,HC5,1
CRACMMv0.1,2278,XYOP,1
CRACMMv0.1,2284,HC8,1
CRACMMv0.1,2294,SVOCP0,1
CRACMMv0.1,2296,PAH,1
CRACMMv0.1,2298,SLOWROC,1
CRACMMv0.1,2299,IVOCP5,1
CRACMMv0.1,2302,UNKKOH,1
CRACMMv0.1,2303,UNKKOH,1
CRACMMv0.1,2304,OLI,1
CRACMMv0.1,2305,OLT,1
CRACMMv0.1,2306,XYOP,1
CRACMMv0.1,2307,HC8,1
CRACMMv0.1,2308,XYOP,1
CRACMMv0.1,2309,XYM,1
CRACMMv0.1,2310,XYOP,1
CRACMMv0.1,2311,OLI,1
CRACMMv0.1,2312,XYOP,1
CRACMMv0.1,2313,HC8,1
CRACMMv0.1,2314,XYM,1
CRACMMv0.1,2315,HC8,1
CRACMMv0.1,2316,HC8,1
CRACMMv0.1,2317,HC8,1
CRACMMv0.1,2318,HC8,1
CRACMMv0.1,2319,HC8,1
CRACMMv0.1,2320,HC8,1
CRACMMv0.1,2321,HC8,1
CRACMMv0.1,2322,HC8,1
CRACMMv0.1,2323,HC8,1
CRACMMv0.1,2324,HC8,1
CRACMMv0.1,2325,TOLUENE,1
CRACMMv0.1,2326,HC5,1
CRACMMv0.1,2327,HC8,1
CRACMMv0.1,2329,XYM,1
CRACMMv0.1,2330,HC8,1
CRACMMv0.1,2331,DIEN,1
CRACMMv0.1,2332,NAPH,1
CRACMMv0.1,2333,HC8,1
CRACMMv0.1,2334,HC5,1
CRACMMv0.1,2335,XYM,1
CRACMMv0.1,2336,PAH,1
CRACMMv0.1,2337,PAH,1
CRACMMv0.1,2338,CSL,1
CRACMMv0.1,2341,CSL,1
CRACMMv0.1,2342,SVOCN1,1
CRACMMv0.1,2344,IVOCP5ARO,1
CRACMMv0.1,2345,NAPH,1
CRACMMv0.1,2346,NAPH,1
CRACMMv0.1,2355,IVOCP4ARO,1
CRACMMv0.1,2361,SVOCP1,1
CRACMMv0.1,2364,SVOCN1,1
CRACMMv0.1,2365,IVOCP4,1
CRACMMv0.1,2366,SVOCP0,1
CRACMMv0.1,2367,CSL,1
CRACMMv0.1,2368,DIEN,1
CRACMMv0.1,2369,IVOCP4ARO,1
CRACMMv0.1,2370,SLOWROC,1
CRACMMv0.1,2371,SLOWROC,1
CRACMMv0.1,2372,XYOP,1
CRACMMv0.1,2374,IVOCP4ARO,1
CRACMMv0.1,2375,SVOCP2,1
CRACMMv0.1,2376,SVOCP2,1
CRACMMv0.1,2377,SVOCP2,1
CRACMMv0.1,2378,SVOCP2,1
CRACMMv0.1,2379,SVOCP2,1
CRACMMv0.1,2380,SVOCP2,1
CRACMMv0.1,2382,SVOCP0,1
CRACMMv0.1,2383,SVOCN1,1
CRACMMv0.1,2384,SVOCP1,1
CRACMMv0.1,2385,SVOCN1,1
CRACMMv0.1,2386,SVOCN1,1
CRACMMv0.1,2387,SVOCN1,1
CRACMMv0.1,2388,SVOCN1,1
CRACMMv0.1,2389,SVOCN1,1
CRACMMv0.1,2390,SVOCN1,1
CRACMMv0.1,2391,IVOCP4ARO,1
CRACMMv0.1,2392,SVOCP1,1
CRACMMv0.1,2393,SVOCP1,1
CRACMMv0.1,2394,SVOCP1,1
CRACMMv0.1,2395,SVOCP0,1
CRACMMv0.1,2396,SVOCP0,1
CRACMMv0.1,2398,SVOCP0,1
CRACMMv0.1,2401,SVOCP0,1
CRACMMv0.1,2402,SVOCP0,1
CRACMMv0.1,2403,SVOCN1,1
CRACMMv0.1,2404,SVOCN1,1
CRACMMv0.1,2406,SVOCN1,1
CRACMMv0.1,2407,IVOCP3,1
CRACMMv0.1,2408,SVOCP2,1
CRACMMv0.1,2409,SVOCP0,1
CRACMMv0.1,2410,SVOCP1,1
CRACMMv0.1,2411,SVOCP1,1
CRACMMv0.1,2412,SVOCP2,1
CRACMMv0.1,2413,SVOCP1,1
CRACMMv0.1,2414,SVOCN1,1
CRACMMv0.1,2415,SVOCN1,1
CRACMMv0.1,2416,SVOCN1,1
CRACMMv0.1,2417,SVOCN1,1
CRACMMv0.1,2418,SVOCN1,1
CRACMMv0.1,2419,SVOCN1,1
CRACMMv0.1,2420,SVOCN1,1
CRACMMv0.1,2421,SVOCP2,1
CRACMMv0.1,2422,SVOCP2,1
CRACMMv0.1,2423,SVOCP2,1
CRACMMv0.1,2426,CSL,1
CRACMMv0.1,2427,PAH,1
CRACMMv0.1,2429,PAH,1
CRACMMv0.1,2432,PAH,1
CRACMMv0.1,2433,PAH,1
CRACMMv0.1,2434,IVOCP4ARO,1
CRACMMv0.1,2439,PAH,1
CRACMMv0.1,2441,PAH,1
CRACMMv0.1,2442,PAH,1
CRACMMv0.1,2443,PAH,1
CRACMMv0.1,2444,IVOCP4,1
CRACMMv0.1,2445,PAH,1
CRACMMv0.1,2447,PAH,1
CRACMMv0.1,2451,SVOCN1,1
CRACMMv0.1,2458,PAH,1
CRACMMv0.1,2459,SVOCP1,1
CRACMMv0.1,2460,PAH,1
CRACMMv0.1,2461,SVOCP0,1
CRACMMv0.1,2463,SVOCP0,1
CRACMMv0.1,2464,SVOCP0,1
CRACMMv0.1,2465,SVOCN1,1
CRACMMv0.1,2466,SVOCN1,1
CRACMMv0.1,2467,IVOCP6ARO,1
CRACMMv0.1,2468,PAH,1
CRACMMv0.1,2469,PAH,1
CRACMMv0.1,2474,PAH,1
CRACMMv0.1,2476,SVOCN1,1
CRACMMv0.1,2477,IVOCP4ARO,1
CRACMMv0.1,2483,SVOCN1,1
CRACMMv0.1,2488,SVOCP1,1
CRACMMv0.1,2489,SVOCP0,1
CRACMMv0.1,2490,PAH,1
CRACMMv0.1,2491,SVOCP0,1
CRACMMv0.1,2492,IVOCP4ARO,1
CRACMMv0.1,2493,SVOCP1,1
CRACMMv0.1,2494,IVOCP4ARO,1
CRACMMv0.1,2495,IVOCP4ARO,1
CRACMMv0.1,2496,IVOCP4ARO,1
CRACMMv0.1,2497,SVOCP1,1
CRACMMv0.1,2498,IVOCP4ARO,1
CRACMMv0.1,2499,IVOCP4ARO,1
CRACMMv0.1,2500,IVOCP4ARO,1
CRACMMv0.1,2501,PAH,1
CRACMMv0.1,2502,PAH,1
CRACMMv0.1,2503,PAH,1
CRACMMv0.1,2504,SVOCP0,1
CRACMMv0.1,2505,SVOCP0,1
CRACMMv0.1,2506,PAH,1
CRACMMv0.1,2509,PAH,1
CRACMMv0.1,2510,PAH,1
CRACMMv0.1,2555,PAH,1
CRACMMv0.1,2556,PAH,1
CRACMMv0.1,2557,SVOCP0,1
CRACMMv0.1,2559,PAH,1
CRACMMv0.1,2560,HC8,1
CRACMMv0.1,2561,KET,1
CRACMMv0.1,2562,MVK,1
CRACMMv0.1,2563,KET,1
CRACMMv0.1,2564,KET,1
CRACMMv0.1,2565,ALD,1
CRACMMv0.1,2566,ALD,1
CRACMMv0.1,2567,HC8,1
CRACMMv0.1,2568,XYM,1
CRACMMv0.1,2569,PAH,1
CRACMMv0.1,2570,OLI,1
CRACMMv0.1,2571,HC5,1
CRACMMv0.1,2572,HC5,1
CRACMMv0.1,2573,HC8,1
CRACMMv0.1,2574,HC5,1
CRACMMv0.1,2575,HC5,1
CRACMMv0.1,2576,HC5,1
CRACMMv0.1,2577,HC5,1
CRACMMv0.1,2578,HC8,1
CRACMMv0.1,2579,HC8,1
CRACMMv0.1,2580,HC8,1
CRACMMv0.1,2581,XYM,1
CRACMMv0.1,2582,HC8,1
CRACMMv0.1,2583,HC8,1
CRACMMv0.1,2584,XYM,1
CRACMMv0.1,2585,ALD,1
CRACMMv0.1,2588,UNKKOH,1
CRACMMv0.1,2589,OLT,1
CRACMMv0.1,2590,HC8,1
CRACMMv0.1,2591,HC8,1
CRACMMv0.1,2592,HC8,1
CRACMMv0.1,2593,HC5,1
CRACMMv0.1,2594,HC8,1
CRACMMv0.1,2595,HC8,1
CRACMMv0.1,2596,XYM,1
CRACMMv0.1,2597,OLT,1
CRACMMv0.1,2598,XYM,1
CRACMMv0.1,2599,HC8,1
CRACMMv0.1,2600,HC8,1
CRACMMv0.1,2601,XYOP,1
CRACMMv0.1,2602,IVOCP3,1
CRACMMv0.1,2605,UNKKOH,1
CRACMMv0.1,2606,UNKKOH,1
CRACMMv0.1,2607,UNKKOH,1
CRACMMv0.1,2608,OLT,1
CRACMMv0.1,2609,OLT,1
CRACMMv0.1,2610,HC3,1
CRACMMv0.1,2611,HC8,1
CRACMMv0.1,2612,HC5,1
CRACMMv0.1,2613,HC8,1
CRACMMv0.1,2614,HC8,1
CRACMMv0.1,2615,HC8,1
CRACMMv0.1,2617,HC8,1
CRACMMv0.1,2618,HC8,1
CRACMMv0.1,2619,HC8,1
CRACMMv0.1,2620,HC8,1
CRACMMv0.1,2621,HC8,1
CRACMMv0.1,2622,HC8,1
CRACMMv0.1,2623,HC8,1
CRACMMv0.1,2628,IVOCP6,1
CRACMMv0.1,2631,HC8,1
CRACMMv0.1,2636,DIEN,1
CRACMMv0.1,2637,ROH,1
CRACMMv0.1,2640,DIEN,1
CRACMMv0.1,2641,DIEN,1
CRACMMv0.1,2642,DIEN,1
CRACMMv0.1,2643,DIEN,1
CRACMMv0.1,2644,DIEN,1
CRACMMv0.1,2645,DIEN,1
CRACMMv0.1,2646,OLI,1
CRACMMv0.1,2647,SLOWROC,1
CRACMMv0.1,2648,PAH,1
CRACMMv0.1,2649,PAH,1
CRACMMv0.1,2650,PAH,1
CRACMMv0.1,2651,SVOCN1,1
CRACMMv0.1,2652,SVOCN1,1
CRACMMv0.1,2653,SVOCN1,1
CRACMMv0.1,2654,PAH,1
CRACMMv0.1,2655,PAH,1
CRACMMv0.1,2656,PAH,1
CRACMMv0.1,2657,IVOCP5ARO,1
CRACMMv0.1,2658,SVOCP0,1
CRACMMv0.1,2659,PAH,1
CRACMMv0.1,2660,PAH,1
CRACMMv0.1,2661,IVOCP4,1
CRACMMv0.1,2662,PAH,1
CRACMMv0.1,2663,UNKKOH,1
CRACMMv0.1,2664,UNKKOH,1
CRACMMv0.1,2665,UNKKOH,1
CRACMMv0.1,2666,SVOCP2,1
CRACMMv0.1,2667,SVOCP2,1
CRACMMv0.1,2668,UNKKOH,1
CRACMMv0.1,2669,UNKKOH,1
CRACMMv0.1,2670,UNKKOH,1
CRACMMv0.1,2671,UNKKOH,1
CRACMMv0.1,2672,UNKKOH,1
CRACMMv0.1,2673,HC8,1
CRACMMv0.1,2674,OLI,1
CRACMMv0.1,2675,OLI,1
CRACMMv0.1,2676,OLI,1
CRACMMv0.1,2677,OLI,1
CRACMMv0.1,2678,OLT,1
CRACMMv0.1,2679,OLI,1
CRACMMv0.1,2680,OLI,1
CRACMMv0.1,2681,OLI,1
CRACMMv0.1,2682,HC8,1
CRACMMv0.1,2683,HC8,1
CRACMMv0.1,2684,XYM,1
CRACMMv0.1,2685,OLI,1
CRACMMv0.1,2686,UNKKOH,1
CRACMMv0.1,2687,UNKKOH,1
CRACMMv0.1,2688,IVOCP6,1
CRACMMv0.1,2689,ROH,1
CRACMMv0.1,2690,DIEN,1
CRACMMv0.1,2691,IVOCP6,1
CRACMMv0.1,2692,HC8,1
CRACMMv0.1,2693,OLI,1
CRACMMv0.1,2694,PHEN,1
CRACMMv0.1,2695,PHEN,1
CRACMMv0.1,2696,PAH,1
CRACMMv0.1,2697,PHEN,1
CRACMMv0.1,2698,API,1
CRACMMv0.1,2699,PAH,1
CRACMMv0.1,2700,PAH,1
CRACMMv0.1,2701,HC8,1
CRACMMv0.1,2702,PHEN,1
CRACMMv0.1,2703,SLOWROC,1
CRACMMv0.1,2705,PAH,1
CRACMMv0.1,2706,PAH,1
CRACMMv0.1,2707,IVOCP6ARO,1
CRACMMv0.1,2708,PAH,1
CRACMMv0.1,2709,SLOWROC,1
CRACMMv0.1,2711,NAPH,1
CRACMMv0.1,2712,LIM,1
CRACMMv0.1,2713,HC8,1
CRACMMv0.1,2714,OLI,1
CRACMMv0.1,2715,SLOWROC,1
CRACMMv0.1,2716,XYOP,1
CRACMMv0.1,2717,SLOWROC,1
CRACMMv0.1,2718,DIEN,1
CRACMMv0.1,2719,HC8,1
CRACMMv0.1,2721,API,1
CRACMMv0.1,2722,OLI,1
CRACMMv0.1,2723,IVOCP6,1
CRACMMv0.1,2724,KET,1
CRACMMv0.1,2725,OLT,1
CRACMMv0.1,2726,HC3,1
CRACMMv0.1,2727,HC5,1
CRACMMv0.1,2728,HC5,1
CRACMMv0.1,2729,HC5,1
CRACMMv0.1,2730,HC8,1
CRACMMv0.1,2731,HC5,1
CRACMMv0.1,2732,HC8,1
CRACMMv0.1,2733,IVOCP6ARO,1
CRACMMv0.1,2734,IVOCP6ARO,1
CRACMMv0.1,2735,HC8,1
CRACMMv0.1,2737,DIEN,1
CRACMMv0.1,2738,PAH,1
CRACMMv0.1,2739,SLOWROC,1
CRACMMv0.1,2740,SLOWROC,1
CRACMMv0.1,2741,IVOCP6ARO,1
CRACMMv0.1,2742,PAH,1
CRACMMv0.1,2743,PAH,1
CRACMMv0.1,2744,PAH,1
CRACMMv0.1,2745,PAH,1
CRACMMv0.1,2746,PAH,1
CRACMMv0.1,2747,PAH,1
CRACMMv0.1,2748,PAH,1
CRACMMv0.1,2749,SVOCP0,1
CRACMMv0.1,2750,SVOCP0,1
CRACMMv0.1,2751,SVOCN1,1
CRACMMv0.1,2752,SVOCN1,1
CRACMMv0.1,2753,SVOCP0,1
CRACMMv0.1,2754,ORA2,1
CRACMMv0.1,2755,IVOCP6ARO,1
CRACMMv0.1,2756,IVOCP6,1
CRACMMv0.1,2758,HC8,1
CRACMMv0.1,2759,IVOCP5,1
CRACMMv0.1,2760,IVOCP6,1
CRACMMv0.1,2761,ORA2,1
CRACMMv0.1,2762,OLI,1
CRACMMv0.1,2763,IVOCP6,1
CRACMMv0.1,2764,OLI,1
CRACMMv0.1,2765,PAH,1
CRACMMv0.1,2771,OLT,1
CRACMMv0.1,2772,UNKKOH,1
CRACMMv0.1,2773,IVOCP4ARO,1
CRACMMv0.1,2774,IVOCP4ARO,1
CRACMMv0.1,2775,IVOCP4ARO,1
CRACMMv0.1,2776,SVOCP1,1
CRACMMv0.1,2777,NAPH,1
CRACMMv0.1,2778,PAH,1
CRACMMv0.1,2779,PAH,1
CRACMMv0.1,2780,PAH,1
CRACMMv0.1,2781,PAH,1
CRACMMv0.1,2782,PAH,1
CRACMMv0.1,2783,PAH,1
CRACMMv0.1,2784,PAH,1
CRACMMv0.1,2785,PAH,1
CRACMMv0.1,2786,SLOWROC,1
CRACMMv0.1,2787,HC8,1
CRACMMv0.1,2788,OLI,1
CRACMMv0.1,2789,HC8,1
CRACMMv0.1,2790,HC8,1
CRACMMv0.1,2791,HC8,1
CRACMMv0.1,2792,OLI,1
CRACMMv0.1,2794,HC8,1
CRACMMv0.1,2795,OLT,1
CRACMMv0.1,2796,XYM,1
CRACMMv0.1,2798,HC8,1
CRACMMv0.1,2799,XYM,1
CRACMMv0.1,2800,HC8,1
CRACMMv0.1,2802,IVOCP5ARO,1
CRACMMv0.1,2803,NAPH,1
CRACMMv0.1,2804,NAPH,1
CRACMMv0.1,2805,NAPH,1
CRACMMv0.1,2806,NAPH,1
CRACMMv0.1,2807,NAPH,1
CRACMMv0.1,2809,OLT,1
CRACMMv0.1,2811,IVOCP5ARO,1
CRACMMv0.1,2812,DIEN,1
CRACMMv0.1,2813,DIEN,1
CRACMMv0.1,2816,OLT,1
CRACMMv0.1,2817,OLT,1
CRACMMv0.1,2818,OLT,1
CRACMMv0.1,2819,OLT,1
CRACMMv0.1,2821,OLI,1
CRACMMv0.1,2822,OLT,1
CRACMMv0.1,2823,OLI,1
CRACMMv0.1,2826,HC8,1
CRACMMv0.1,2828,OLI,1
CRACMMv0.1,2829,DIEN,1
CRACMMv0.1,2831,NAPH,1
CRACMMv0.1,2832,API,1
CRACMMv0.1,2833,PAH,1
CRACMMv0.1,2834,PAH,1
CRACMMv0.1,2835,PAH,1
CRACMMv0.1,2836,PAH,1
CRACMMv0.1,2837,PAH,1
CRACMMv0.1,2838,PAH,1
CRACMMv0.1,2840,ORA2,1
CRACMMv0.1,2842,SLOWROC,1
CRACMMv0.1,2843,SLOWROC,1
CRACMMv0.1,2844,ONIT,1
CRACMMv0.1,2845,ONIT,1
CRACMMv0.1,2847,UNKKOH,1
CRACMMv0.1,2849,UNKKOH,1
CRACMMv0.1,2850,SLOWROC,1
CRACMMv0.1,2851,SLOWROC,1
CRACMMv0.1,2852,UNKKOH,1
CRACMMv0.1,2853,UNKKOH,1
CRACMMv0.1,2855,UNKKOH,1
CRACMMv0.1,2856,UNKKOH,1
CRACMMv0.1,2857,SVOCP1,1
CRACMMv0.1,2858,SVOCP1,1
CRACMMv0.1,2859,SVOCP1,1
CRACMMv0.1,2861,SVOCP0,1
CRACMMv0.1,2862,SVOCP2,1
CRACMMv0.1,2863,SVOCP1,1
CRACMMv0.1,2864,SVOCP0,1
CRACMMv0.1,2866,SVOCP2,1
CRACMMv0.1,2867,SVOCP2,1
CRACMMv0.1,2868,SVOCP2,1
CRACMMv0.1,2869,SVOCP1,1
CRACMMv0.1,2870,SVOCP1,1
CRACMMv0.1,2871,SVOCP0,1
CRACMMv0.1,2872,SVOCP0,1
CRACMMv0.1,2873,SVOCN1,1
CRACMMv0.1,2874,IVOCP3,1
CRACMMv0.1,2875,IVOCP3,1
CRACMMv0.1,2876,SVOCP2,1
CRACMMv0.1,2877,SVOCP1,1
CRACMMv0.1,2878,SVOCN1,1
CRACMMv0.1,2879,SVOCP1,1
CRACMMv0.1,2880,SVOCP1,1
CRACMMv0.1,2881,SVOCP2,1
CRACMMv0.1,2884,SVOCP1,1
CRACMMv0.1,2885,CSL,1
CRACMMv0.1,2886,IVOCP4ARO,1
CRACMMv0.1,2887,PAH,1
CRACMMv0.1,2888,BALD,1
CRACMMv0.1,2889,PAH,1
CRACMMv0.1,2890,PAH,1
CRACMMv0.1,2891,PHEN,1
CRACMMv0.1,2892,PAH,1
CRACMMv0.1,2894,SVOCP2,1
CRACMMv0.1,2895,IVOCP4ARO,1
CRACMMv0.1,2897,IVOCP5ARO,1
CRACMMv0.1,2904,SVOCP1,1
CRACMMv0.1,2906,PAH,1
CRACMMv0.1,2907,IVOCP4ARO,1
CRACMMv0.1,2908,SESQ,1
CRACMMv0.1,2909,SVOCN1,1
CRACMMv0.1,2912,IVOCP4ARO,1
CRACMMv0.1,2914,SVOCP0,1
CRACMMv0.1,2915,PAH,1
CRACMMv0.1,2916,PAH,1
CRACMMv0.1,2921,SVOCN1,1
CRACMMv0.1,2923,SVOCN1,1
CRACMMv0.1,2924,SVOCP0,1
CRACMMv0.1,2925,SVOCP2,1
CRACMMv0.1,2926,SVOCP2,1
CRACMMv0.1,2927,SVOCN1,1
CRACMMv0.1,2930,SVOCN1,1
CRACMMv0.1,2931,SVOCP0,1
CRACMMv0.1,2932,IVOCP4ARO,1
CRACMMv0.1,2933,SVOCP2,1
CRACMMv0.1,2934,SVOCP0,1
CRACMMv0.1,2936,OLI,1
CRACMMv0.1,2937,IVOCP6ARO,1
CRACMMv0.1,2938,IVOCP4,1
CRACMMv0.1,2939,CSL,1
CRACMMv0.1,2940,CSL,1
CRACMMv0.1,2941,IVOCP5,1
CRACMMv0.1,2942,IVOCP5ARO,1
CRACMMv0.1,2943,DIEN,1
CRACMMv0.1,2944,OLI,1
CRACMMv0.1,2945,DIEN,1
CRACMMv0.1,2946,IVOCP6,1
CRACMMv0.1,2947,IVOCP5,1
CRACMMv0.1,2948,HC8,1
CRACMMv0.1,2949,DIEN,1
CRACMMv0.1,2950,DIEN,1
CRACMMv0.1,2951,OLT,1
CRACMMv0.1,2952,ROH,1
CRACMMv0.1,2953,CSL,1
CRACMMv0.1,2954,KET,1
CRACMMv0.1,2955,ALD,1
CRACMMv0.1,2956,IVOCP6ARO,1
CRACMMv0.1,2957,HC8,1
CRACMMv0.1,2958,PAH,1
CRACMMv0.1,2959,PAH,1
CRACMMv0.1,2960,PAH,1
CRACMMv0.1,2961,PAH,1
CRACMMv0.1,2962,PAH,1
CRACMMv0.1,2963,PAH,1
CRACMMv0.1,2964,PAH,1
CRACMMv0.1,2965,PAH,1
CRACMMv0.1,2966,PAH,1
CRACMMv0.1,2967,PAH,1
CRACMMv0.1,2968,PAH,1
CRACMMv0.1,2969,PAH,1
CRACMMv0.1,2970,PAH,1
CRACMMv0.1,2971,PAH,1
CRACMMv0.1,2972,PAH,1
CRACMMv0.1,2973,HC3,1
CRACMMv0.1,2974,HC3,1
CRACMMv0.1,2976,SVOCN1,1
CRACMMv0.1,2977,PAH,1
CRACMMv0.1,2978,PAH,1
CRACMMv0.1,2979,PAH,1
CRACMMv0.1,2980,PAH,1
CRACMMv0.1,2981,PAH,1
CRACMMv0.1,2982,PAH,1
CRACMMv0.1,2983,PAH,1
CRACMMv0.1,2984,PAH,1
CRACMMv0.1,2985,PAH,1
CRACMMv0.1,2986,PAH,1
CRACMMv0.1,2987,PAH,1
CRACMMv0.1,2988,PAH,1
CRACMMv0.1,2989,PAH,1
CRACMMv0.1,2990,PAH,1
CRACMMv0.1,2991,PAH,1
CRACMMv0.1,2992,PAH,1
CRACMMv0.1,2993,PAH,1
CRACMMv0.1,2994,PAH,1
CRACMMv0.1,2995,PAH,1
CRACMMv0.1,2996,PAH,1
CRACMMv0.1,2997,PAH,1
CRACMMv0.1,2998,BALD,1
CRACMMv0.1,2999,SLOWROC,1
CRACMMv0.1,3000,HC3,1
CRACMMv0.1,3002,DIEN,1
CRACMMv0.1,3003,HC8,1
CRACMMv0.1,3004,HC8,1
CRACMMv0.1,3005,ALD,1
CRACMMv0.1,3006,HC8,1
CRACMMv0.1,3007,SLOWROC,1
CRACMMv0.1,3008,DIEN,1
CRACMMv0.1,3009,DIEN,1
CRACMMv0.1,3010,DIEN,1
CRACMMv0.1,3012,DIEN,1
CRACMMv0.1,3013,OLI,1
CRACMMv0.1,3014,DIEN,1
CRACMMv0.1,3015,OLI,1
CRACMMv0.1,3016,HC3,1
CRACMMv0.1,3017,OLT,1
CRACMMv0.1,3018,DIEN,1
CRACMMv0.1,3019,OLT,1
CRACMMv0.1,3020,OLI,1
CRACMMv0.1,3021,UALD,1
CRACMMv0.1,3022,DIEN,1
CRACMMv0.1,3023,DIEN,1
CRACMMv0.1,3024,DIEN,1
CRACMMv0.1,3025,DIEN,1
CRACMMv0.1,3026,HC3,1
CRACMMv0.1,3027,DIEN,1
CRACMMv0.1,3028,OLT,1
CRACMMv0.1,3029,OLI,1
CRACMMv0.1,3030,XYM,1
CRACMMv0.1,3031,XYM,1
CRACMMv0.1,3032,IVOCP6ARO,1
CRACMMv0.1,3033,IVOCP6ARO,1
CRACMMv0.1,3034,IVOCP6ARO,1
CRACMMv0.1,3035,IVOCP6ARO,1
CRACMMv0.1,3036,XYM,1
CRACMMv0.1,3037,XYM,1
CRACMMv0.1,3038,LIM,1
CRACMMv0.1,3039,LIM,1
CRACMMv0.1,3040,SESQ,1
CRACMMv0.1,3041,UNKKOH,1
CRACMMv0.1,3042,UNKKOH,1
CRACMMv0.1,3043,HC8,1
CRACMMv0.1,3044,IVOCP6ARO,1
CRACMMv0.1,3045,OLI,1
CRACMMv0.1,3046,SVOCN1,1
CRACMMv0.1,3047,UALD,1
CRACMMv0.1,3048,XYM,1
CRACMMv0.1,3049,CSL,1
CRACMMv0.1,3050,HC5,1
CRACMMv0.1,3051,IVOCP4ARO,1
CRACMMv0.1,3052,XYOP,1
CRACMMv0.1,3053,PAH,1
CRACMMv0.1,3054,IVOCP6,1
CRACMMv0.1,3055,IVOCP6,1
CRACMMv0.1,3056,ROH,1
CRACMMv0.1,3057,XYOP,1
CRACMMv0.1,3058,PAH,1
CRACMMv0.1,3059,IVOCP5,1
CRACMMv0.1,3060,IVOCP5ARO,1
CRACMMv0.1,3061,OLI,1
CRACMMv0.1,3062,IVOCP5,1
CRACMMv0.1,3063,PAH,1
CRACMMv0.1,3065,IVOCP6ARO,1
CRACMMv0.1,3066,XYM,1
CRACMMv0.1,3067,IVOCP6ARO,1
CRACMMv0.1,3069,HC8,1
CRACMMv0.1,3070,HC8,1
CRACMMv0.1,3071,IVOCP6ARO,1
CRACMMv0.1,3072,IVOCP6,1
CRACMMv0.1,3073,IVOCP5,1
CRACMMv0.1,3074,IVOCP5ARO,1
CRACMMv0.1,3075,SVOCP2,1
CRACMMv0.1,3076,IVOCP6ARO,1
CRACMMv0.1,3077,IVOCP6ARO,1
CRACMMv0.1,3078,HC8,1
CRACMMv0.1,3079,IVOCP6,1
CRACMMv0.1,3080,HC8,1
CRACMMv0.1,3081,KET,1
CRACMMv0.1,3082,HC5,1
CRACMMv0.1,3083,ROH,1
CRACMMv0.1,3084,LIM,1
CRACMMv0.1,3086,HC8,1
CRACMMv0.1,3087,BALD,1
CRACMMv0.1,3088,LIM,1
CRACMMv0.1,3089,ROH,1
CRACMMv0.1,3090,IVOCP6,1
CRACMMv0.1,3091,IVOCP4ARO,1
CRACMMv0.1,3092,HC8,1
CRACMMv0.1,3093,IVOCP5,1
CRACMMv0.1,3094,XYM,1
CRACMMv0.1,3095,IVOCP5,1
CRACMMv0.1,3096,LIM,1
CRACMMv0.1,3097,IVOCP3,1
CRACMMv0.1,3098,IVOCP6,1
CRACMMv0.1,3099,LIM,1
CRACMMv0.1,3100,IVOCP6ARO,1
CRACMMv0.1,3101,PAH,1
CRACMMv0.1,3102,SVOCN1,1
CRACMMv0.1,3103,IVOCP5,1
CRACMMv0.1,3104,IVOCP6,1
CRACMMv0.1,3105,HC8,1
CRACMMv0.1,3107,CSL,1
CRACMMv0.1,3108,OLT,1
CRACMMv0.1,3110,HC8,1
CRACMMv0.1,3112,IVOCP4,1
CRACMMv0.1,3113,IVOCP6ARO,1
CRACMMv0.1,3114,SVOCP1,1
CRACMMv0.1,3115,IVOCP6,1
CRACMMv0.1,3116,IVOCP6,1
CRACMMv0.1,3117,IVOCP6ARO,1
CRACMMv0.1,3118,IVOCP5,1
CRACMMv0.1,3119,IVOCP4,1
CRACMMv0.1,3120,HC8,1
CRACMMv0.1,3121,API,1
CRACMMv0.1,3123,HC8,1
CRACMMv0.1,3124,IVOCP5,1
CRACMMv0.1,3125,HC8,1
CRACMMv0.1,3127,SVOCN1,1
CRACMMv0.1,3128,IVOCP4,1
CRACMMv0.1,3129,IVOCP3,1
CRACMMv0.1,3132,IVOCP4,1
CRACMMv0.1,3134,IVOCP6,1
CRACMMv0.1,3135,IVOCP5,1
CRACMMv0.1,3136,SVOCP2,1
CRACMMv0.1,3137,ROH,1
CRACMMv0.1,3138,DIEN,1
CRACMMv0.1,3139,IVOCP5ARO,1
CRACMMv0.1,3140,OLI,1
CRACMMv0.1,3141,SVOCP2,1
CRACMMv0.1,3142,IVOCP5,1
CRACMMv0.1,3143,OLI,1
CRACMMv0.1,3144,SVOCP0,1
CRACMMv0.1,3145,IVOCP6,1
CRACMMv0.1,3146,CSL,1
CRACMMv0.1,3147,IVOCP4,1
CRACMMv0.1,3148,IVOCP5ARO,1
CRACMMv0.1,3150,IVOCP5,1
CRACMMv0.1,3151,PAH,1
CRACMMv0.1,3152,UNKKOH,1
CRACMMv0.1,3153,IVOCP6ARO,1
CRACMMv0.1,3154,IVOCP5,1
CRACMMv0.1,3155,HC3,1
CRACMMv0.1,3156,IVOCP5,1
CRACMMv0.1,3157,IVOCP6,1
CRACMMv0.1,3158,IVOCP5ARO,1
CRACMMv0.1,3159,IVOCP4ARO,1
CRACMMv0.1,3160,SVOCP1,1
CRACMMv0.1,3161,CSL,1
CRACMMv0.1,3162,HC8,1
CRACMMv0.1,3164,IVOCP6,1
CRACMMv0.1,3165,HC8,1
CRACMMv0.1,3166,IVOCP6,1
CRACMMv0.1,3168,ROH,1
CRACMMv0.1,3169,HC8,1
CRACMMv0.1,3170,IVOCP6,1
CRACMMv0.1,3171,SVOCN1,1
CRACMMv0.1,3172,IVOCP6,1
CRACMMv0.1,3175,SLOWROC,1
CRACMMv0.1,3176,SVOCP1,1
CRACMMv0.1,3178,PAH,1
CRACMMv0.1,3179,IVOCP6,1
CRACMMv0.1,3180,IVOCP5,1
CRACMMv0.1,3181,IVOCP5,1
CRACMMv0.1,3182,XYM,1
CRACMMv0.1,3183,IVOCP4,1
CRACMMv0.1,3184,SLOWROC,1
CRACMMv0.1,3185,SLOWROC,1
CRACMMv0.1,3186,SLOWROC,1
CRACMMv0.1,3187,SLOWROC,1
CRACMMv0.1,3188,SLOWROC,1
CRACMMv0.1,3190,HC8,1
CRACMMv0.1,3191,IVOCP6,1
CRACMMv0.1,3194,IVOCP6,1
CRACMMv0.1,3195,HC8,1
CRACMMv0.1,3196,HC8,1
CRACMMv0.1,3197,HC8,1
CRACMMv0.1,3198,HC8,1
CRACMMv0.1,3199,IVOCP4,1
CRACMMv0.1,3200,HC5,1
CRACMMv0.1,3201,HC5,1
CRACMMv0.1,3202,HC5,1
CRACMMv0.1,3203,HC8,1
CRACMMv0.1,3204,HC8,1
CRACMMv0.1,3205,XYOP,1
CRACMMv0.1,3206,XYOP,1
CRACMMv0.1,3207,XYOP,1
CRACMMv0.1,3208,IVOCP5ARO,1
CRACMMv0.1,3209,IVOCP6ARO,1
CRACMMv0.1,3210,IVOCP6ARO,1
CRACMMv0.1,3211,IVOCP6ARO,1
CRACMMv0.1,3212,NAPH,1
CRACMMv0.1,3213,IVOCP5ARO,1
CRACMMv0.1,3214,IVOCP6ARO,1
CRACMMv0.1,3215,IVOCP6ARO,1
CRACMMv0.1,3216,NAPH,1
CRACMMv0.1,3217,IVOCP5ARO,1
CRACMMv0.1,3218,IVOCP6ARO,1
CRACMMv0.1,3219,IVOCP6ARO,1
CRACMMv0.1,3220,NAPH,1
CRACMMv0.1,3221,SESQ,1
CRACMMv0.1,3222,SESQ,1
CRACMMv0.1,3223,SESQ,1
CRACMMv0.1,3224,NAPH,1
CRACMMv0.1,3225,NAPH,1
CRACMMv0.1,3226,HC8,1
CRACMMv0.1,3227,IVOCP6,1
CRACMMv0.1,3228,IVOCP5,1
CRACMMv0.1,3229,IVOCP5,1
CRACMMv0.1,3230,IVOCP4,1
CRACMMv0.1,3231,IVOCP3,1
CRACMMv0.1,3232,SVOCP2,1
CRACMMv0.1,3233,SVOCP2,1
CRACMMv0.1,3234,HC8,1
CRACMMv0.1,3243,XYOP,1
CRACMMv0.1,3245,SVOCP1,1
CRACMMv0.1,3246,SVOCN1,1
CRACMMv0.1,3247,SVOCN1,1
CRACMMv0.1,3248,SVOCN1,1
CRACMMv0.1,3249,SVOCN1,1
CRACMMv0.1,3250,SVOCP1,1
CRACMMv0.1,3251,SVOCN1,1
CRACMMv0.1,3252,SVOCN1,1
CRACMMv0.1,3253,SVOCN1,1
CRACMMv0.1,3254,SVOCN1,1
CRACMMv0.1,3255,SLOWROC,1
CRACMMv0.1,3256,XYOP,1
CRACMMv0.1,3257,XYM,1
CRACMMv0.1,3258,HC8,1
CRACMMv0.1,3259,HC3,1
CRACMMv0.1,3260,HC3,1
CRACMMv0.1,3261,IVOCP6,1
CRACMMv0.1,3262,IVOCP3,1
CRACMMv0.1,3263,HC3,1
CRACMMv0.1,3264,SVOCP1,1
CRACMMv0.1,3265,HC3,1
CRACMMv0.1,3266,HC8,1
CRACMMv0.1,3267,OLI,1
CRACMMv0.1,3268,IVOCP4,1
CRACMMv0.1,3269,XYOP,1
CRACMMv0.1,3270,ROH,1
CRACMMv0.1,3271,HC8,1
CRACMMv0.1,3272,IVOCP6ARO,1
CRACMMv0.1,3273,SLOWROC,1
CRACMMv0.1,3274,HC3,1
CRACMMv0.1,3275,PAH,1
CRACMMv0.1,3276,KET,1
CRACMMv0.1,3277,IVOCP6,1
CRACMMv0.1,3278,IVOCP6,1
CRACMMv0.1,3279,HC8,1
CRACMMv0.1,3280,HC8,1
CRACMMv0.1,3281,IVOCP5,1
CRACMMv0.1,3282,ROH,1
CRACMMv0.1,3283,OLT,1
CRACMMv0.1,3284,IVOCP5,1
CRACMMv0.1,3285,HC8,1
CRACMMv0.1,3286,API,1
CRACMMv0.1,3287,HC3,1
CRACMMv0.1,3288,HC3,1
CRACMMv0.1,3289,IVOCP6,1
CRACMMv0.1,3290,IVOCP6,1
CRACMMv0.1,3291,PAH,1
CRACMMv0.1,3292,IVOCP5,1
CRACMMv0.1,3293,SLOWROC,1
CRACMMv0.1,3294,HC3,1
CRACMMv0.1,3295,IVOCP6,1
CRACMMv0.1,3296,OLI,1
CRACMMv0.1,3297,IVOCP6ARO,1
CRACMMv0.1,3298,PAH,1
CRACMMv0.1,3299,PAH,1
CRACMMv0.1,3300,LIM,1
CRACMMv0.1,3301,LIM,1
CRACMMv0.1,3302,LIM,1
CRACMMv0.1,3303,HC3,1
CRACMMv0.1,3304,HC3,1
CRACMMv0.1,3305,IVOCP6,1
CRACMMv0.1,3306,IVOCP6ARO,1
CRACMMv0.1,3307,HC8,1
CRACMMv0.1,3308,IVOCP6,1
CRACMMv0.1,3309,IVOCP5,1
CRACMMv0.1,3310,SLOWROC,1
CRACMMv0.1,3311,SLOWROC,1
CRACMMv0.1,3312,HC3,1
CRACMMv0.1,3313,HC3,1
CRACMMv0.1,3314,SLOWROC,1
CRACMMv0.1,3315,HC3,1
CRACMMv0.1,3316,IVOCP5,1
CRACMMv0.1,3317,IVOCP5,1
CRACMMv0.1,3318,HC3,1
CRACMMv0.1,3319,IVOCP4ARO,1
CRACMMv0.1,3320,SLOWROC,1
CRACMMv0.1,3321,HC8,1
CRACMMv0.1,3322,ORA2,1
CRACMMv0.1,297,IVOCP6ARO,1
CRACMMv0.1,342,SLOWROC,1
CRACMMv0.1,426,IVOCP6,1
CRACMMv0.1,431,IVOCP4,1
CRACMMv0.1,503,IVOCP6,1
CRACMMv0.1,504,IVOCP6,1
CRACMMv0.1,630,IVOCP6,1
CRACMMv0.1,631,IVOCP6,1
CRACMMv0.1,632,IVOCP5,1
CRACMMv0.1,636,SLOWROC,1
CRACMMv0.1,718,IVOCP5ARO,1
CRACMMv0.1,896,PAH,1
CRACMMv0.1,897,PAH,1
CRACMMv0.1,907,NAPH,1
CRACMMv0.1,1169,PAH,1
CRACMMv0.1,1253,PAH,1
CRACMMv0.1,1255,PAH,1
CRACMMv0.1,1256,PAH,1
CRACMMv0.1,1257,PAH,1
CRACMMv0.1,1266,PAH,1
CRACMMv0.1,1268,PAH,1
CRACMMv0.1,1269,PAH,1
CRACMMv0.1,1270,PAH,1
CRACMMv0.1,1280,PAH,1
CRACMMv0.1,1288,PAH,1
CRACMMv0.1,1290,PAH,1
CRACMMv0.1,1293,PAH,1
CRACMMv0.1,1296,PAH,1
CRACMMv0.1,1301,PAH,1
CRACMMv0.1,1302,PAH,1
CRACMMv0.1,1312,PAH,1
CRACMMv0.1,1314,PAH,1
CRACMMv0.1,1315,PAH,1
CRACMMv0.1,1321,PAH,1
CRACMMv0.1,1326,PAH,1
CRACMMv0.1,1507,IVOCP6,1
CRACMMv0.1,1517,IVOCP6,1
CRACMMv0.1,1524,IVOCP6,1
CRACMMv0.1,1528,HC8,1
CRACMMv0.1,1532,IVOCP6,1
CRACMMv0.1,1533,HC8,1
CRACMMv0.1,1609,PAH,1
CRACMMv0.1,1696,PAH,1
CRACMMv0.1,1700,PAH,1
CRACMMv0.1,1703,PAH,1
CRACMMv0.1,1706,NAPH,1
CRACMMv0.1,1707,NAPH,1
CRACMMv0.1,1786,IVOCP5ARO,1
CRACMMv0.1,1802,PAH,1
CRACMMv0.1,1803,IVOCP6ARO,1
CRACMMv0.1,1826,PAH,1
CRACMMv0.1,1838,IVOCP5,1
CRACMMv0.1,1883,PAH,1
CRACMMv0.1,1888,PAH,1
CRACMMv0.1,1931,IVOCP6,1
CRACMMv0.1,1933,IVOCP6,1
CRACMMv0.1,1935,IVOCP5,1
CRACMMv0.1,1937,IVOCP5,1
CRACMMv0.1,1958,PAH,1
CRACMMv0.1,2051,PAH,1
CRACMMv0.1,2102,NAPH,1
CRACMMv0.1,2104,SLOWROC,1
CRACMMv0.1,2135,IVOCP5,1
CRACMMv0.1,2146,IVOCP6,1
CRACMMv0.1,2163,PAH,1
CRACMMv0.1,2174,IVOCP6,1
CRACMMv0.1,2177,PAH,1
CRACMMv0.1,2198,HC8,1
CRACMMv0.1,2242,IVOCP4,1
CRACMMv0.1,2250,SLOWROC,1
CRACMMv0.1,2259,XYOP,1
CRACMMv0.1,2266,OLT,1
CRACMMv0.1,2274,ETH,1
CRACMMv0.1,2279,XYM,1
CRACMMv0.1,2428,PAH,1
CRACMMv0.1,2430,CSL,1
CRACMMv0.1,2440,PAH,1
CRACMMv0.1,2446,PAH,1
CRACMMv0.1,2473,PAH,1
CRACMMv0.1,2485,NAPH,1
CRACMMv0.1,2486,PAH,1
CRACMMv0.1,2487,PAH,1
CRACMMv0.1,2586,UNKKOH,1
CRACMMv0.1,2587,UNKKOH,1
CRACMMv0.1,2604,UNKKOH,1
CRACMMv0.1,2810,IVOCP6ARO,1
CRACMMv0.1,2893,PAH,1
CRACMMv0.1,2896,PAH,1
CRACMMv0.1,2910,CSL,1
CRACMMv0.1,2917,SVOCN1,1
CRACMMv0.1,3064,IVOCP4,1
CRACMMv0.1,3068,IVOCP4,1
CRACMMv0.1,3109,IVOCP6,1
CRACMMv0.1,3122,IVOCP6ARO,1
CRACMMv0.1,3131,IVOCP6,1
CRACMMv0.1,3149,OLT,1
CRACMMv0.1,3167,SVOCN1,1
CRACMMv0.1,3173,SVOCN1,1
CRACMMv0.1,3177,IVOCP4,1
CRACMMv0.1,3235,IVOCP6,1
CRACMMv0.1,3244,IVOCP5ARO,1
CRACMMv0.1,338,SVOCP2,1
CRACMMv0.1,1005,SVOCN1,1
CRACMMv0.1,1006,SVOCN1,1
CRACMMv0.1,1008,SVOCN1,1
CRACMMv0.1,1397,SVOCN1,1
CRACMMv0.1,1398,SVOCN1,1
CRACMMv0.1,1402,SVOCN1,1
CRACMMv0.1,1640,SVOCN1,1
CRACMMv0.1,1641,SVOCN1,1
CRACMMv0.1,1739,SVOCN1,1
CRACMMv0.1,1740,SVOCN1,1
CRACMMv0.1,1965,SVOCN1,1
CRACMMv0.1,1966,SVOCN1,1
CRACMMv0.1,1967,SVOCN1,1
CRACMMv0.1,1968,SVOCN1,1
CRACMMv0.1,1969,SVOCN1,1
CRACMMv0.1,1970,SVOCN1,1
CRACMMv0.1,1971,SVOCN1,1
CRACMMv0.1,1972,SVOCN1,1
CRACMMv0.1,1973,SVOCN1,1
CRACMMv0.1,1974,SVOCN1,1
CRACMMv0.1,1979,SVOCN1,1
CRACMMv0.1,1980,SVOCN1,1
CRACMMv0.1,1981,SVOCN1,1
CRACMMv0.1,1982,SVOCN1,1
CRACMMv0.1,2347,SVOCN1,1
CRACMMv0.1,2354,SVOCN1,1
CRACMMv0.1,2541,SVOCN1,1
CRACMMv0.1,2542,SVOCN1,1
CRACMMv0.1,2543,SVOCN1,1
CRACMMv0.1,2544,SVOCN1,1
CRACMMv0.1,2545,SVOCN1,1
CRACMMv0.1,2546,SVOCN1,1
CRACMMv0.1,2547,SVOCN1,1
CRACMMv0.1,2548,SVOCN1,1
CRACMMv0.1,2553,SVOCN1,1
CRACMMv0.1,2554,SVOCN1,1
CRACMMv0.1,2766,SVOCN1,1
CRACMMv0.1,2767,SVOCN1,1
CRACMMv0.1,2768,SVOCN1,1
CRACMMv0.1,2769,SVOCN1,1
CRACMMv0.1,2770,SVOCN1,1
CRACMMv0.1,2928,SVOCN1,1
CRACMMv0.1,2929,SVOCN1,1
CRACMMv0.1,2935,PAH,1
CRACMMv0.1,2975,SVOCN1,1
CRACMMv0.1,3085,IVOCP3,1
CRACMMv0.1,3106,IVOCP6,1
CRACMMv0.1,3241,SVOCN1,1
CRACMMv0.1,3242,SVOCN1,1
CRACMMv0.1,555,PAH,1
CRACMMv0.1,617,PAH,1
CRACMMv0.1,662,SLOWROC,1
CRACMMv0.1,988,PAH,1
CRACMMv0.1,1174,PAH,1
CRACMMv0.1,1275,PAH,1
CRACMMv0.1,1281,PAH,1
CRACMMv0.1,1357,PAH,1
CRACMMv0.1,1687,IVOCP5ARO,1
CRACMMv0.1,1701,PAH,1
CRACMMv0.1,1710,IVOCP3,1
CRACMMv0.1,1720,PAH,1
CRACMMv0.1,1721,PAH,1
CRACMMv0.1,1776,SVOCN1,1
CRACMMv0.1,1785,SVOCP0,1
CRACMMv0.1,1789,IVOCP5ARO,1
CRACMMv0.1,1845,IVOCP3,1
CRACMMv0.1,1907,PAH,1
CRACMMv0.1,1916,IVOCP4ARO,1
CRACMMv0.1,1939,IVOCP4,1
CRACMMv0.1,1940,IVOCP4,1
CRACMMv0.1,1942,IVOCP3,1
CRACMMv0.1,1943,IVOCP4,1
CRACMMv0.1,1944,IVOCP3,1
CRACMMv0.1,1948,SVOCP2,1
CRACMMv0.1,1949,IVOCP3,1
CRACMMv0.1,1950,SVOCP1,1
CRACMMv0.1,1951,SVOCP2,1
CRACMMv0.1,1952,SVOCP2,1
CRACMMv0.1,1953,SVOCP1,1
CRACMMv0.1,1959,PAH,1
CRACMMv0.1,2003,HC3,1
CRACMMv0.1,2017,HC3,1
CRACMMv0.1,2035,PAH,1
CRACMMv0.1,2040,PAH,1
CRACMMv0.1,2042,PAH,1
CRACMMv0.1,2043,PAH,1
CRACMMv0.1,2147,IVOCP5,1
CRACMMv0.1,2148,IVOCP5,1
CRACMMv0.1,2149,IVOCP4,1
CRACMMv0.1,2150,IVOCP4,1
CRACMMv0.1,2151,SVOCP2,1
CRACMMv0.1,2152,SVOCP2,1
CRACMMv0.1,2165,PAH,1
CRACMMv0.1,2216,SVOCP1,1
CRACMMv0.1,2239,HC3,1
CRACMMv0.1,2240,HC3,1
CRACMMv0.1,2295,XYOP,1
CRACMMv0.1,2340,SVOCP0,1
CRACMMv0.1,2353,SVOCP2,1
CRACMMv0.1,2360,SVOCP2,1
CRACMMv0.1,2362,SVOCP0,1
CRACMMv0.1,2397,SVOCP0,1
CRACMMv0.1,2435,CSL,1
CRACMMv0.1,2436,CSL,1
CRACMMv0.1,2437,PAH,1
CRACMMv0.1,2448,PAH,1
CRACMMv0.1,2449,PAH,1
CRACMMv0.1,2450,PAH,1
CRACMMv0.1,2452,PAH,1
CRACMMv0.1,2453,PAH,1
CRACMMv0.1,2454,PAH,1
CRACMMv0.1,2455,PAH,1
CRACMMv0.1,2456,PAH,1
CRACMMv0.1,2457,PAH,1
CRACMMv0.1,2472,PAH,1
CRACMMv0.1,2475,IVOCP5,1
CRACMMv0.1,2511,PAH,1
CRACMMv0.1,2512,PAH,1
CRACMMv0.1,2513,PAH,1
CRACMMv0.1,2514,PAH,1
CRACMMv0.1,2515,SVOCN1,1
CRACMMv0.1,2516,SVOCN1,1
CRACMMv0.1,2517,SVOCN1,1
CRACMMv0.1,2518,PAH,1
CRACMMv0.1,2519,PAH,1
CRACMMv0.1,2520,PAH,1
CRACMMv0.1,2704,PAH,1
CRACMMv0.1,2710,PAH,1
CRACMMv0.1,2865,SVOCP2,1
CRACMMv0.1,2882,SVOCP1,1
CRACMMv0.1,2898,PAH,1
CRACMMv0.1,2899,PAH,1
CRACMMv0.1,2900,PAH,1
CRACMMv0.1,2901,PAH,1
CRACMMv0.1,2902,IVOCP4ARO,1
CRACMMv0.1,2903,SVOCP0,1
CRACMMv0.1,2905,PAH,1
CRACMMv0.1,2911,PAH,1
CRACMMv0.1,2913,PAH,1
CRACMMv0.1,3111,PAH,1
CRACMMv0.1,3126,PAH,1
CRACMMv0.1,3130,SVOCP2,1
CRACMMv0.1,3163,IVOCP4,1
CRACMMv0.1,3189,SLOWROC,1
CRACMMv0.1,3192,IVOCP4,1
CRACMMv0.1,3193,SVOCP1,1
CRACMMv0.1,3236,IVOCP5,1
CRACMMv0.1,3237,IVOCP4,1
CRACMMv0.1,3238,IVOCP3,1
CRACMMv0.1,3239,SVOCP2,1
CRACMMv0.1,73,HC8,1
CRACMMv0.1,79,HC8,1
CRACMMv0.1,290,HC8,1
CRACMMv0.1,325,HC8,1
CRACMMv0.1,326,XYM,1
CRACMMv0.1,348,HC8,1
CRACMMv0.1,350,HC8,1
CRACMMv0.1,354,HC8,1
CRACMMv0.1,355,HC8,1
CRACMMv0.1,358,HC8,1
CRACMMv0.1,359,HC8,1
CRACMMv0.1,375,HC8,1
CRACMMv0.1,410,IVOCP6ARO,1
CRACMMv0.1,428,HC8,1
CRACMMv0.1,462,HC8,1
CRACMMv0.1,464,XYOP,1
CRACMMv0.1,530,HC8,1
CRACMMv0.1,580,XYM,1
CRACMMv0.1,616,DIEN,1
CRACMMv0.1,621,HC8,1
CRACMMv0.1,634,HC8,1
CRACMMv0.1,635,HC8,1
CRACMMv0.1,637,ROH,1
CRACMMv0.1,672,DIEN,1
CRACMMv0.1,733,HC8,1
CRACMMv0.1,756,HC8,1
CRACMMv0.1,758,KET,1
CRACMMv0.1,759,OLT,1
CRACMMv0.1,1098,XYM,1
CRACMMv0.1,1470,HC8,1
CRACMMv0.1,1472,HC8,1
CRACMMv0.1,1477,HC8,1
CRACMMv0.1,1478,HC8,1
CRACMMv0.1,1480,HC8,1
CRACMMv0.1,1490,HC8,1
CRACMMv0.1,1502,HC8,1
CRACMMv0.1,1537,HC8,1
CRACMMv0.1,1540,HC8,1
CRACMMv0.1,1541,HC8,1
CRACMMv0.1,1544,HC8,1
CRACMMv0.1,1545,HC8,1
CRACMMv0.1,1553,HC8,1
CRACMMv0.1,1578,HC8,1
CRACMMv0.1,1590,HC8,1
CRACMMv0.1,1593,HC8,1
CRACMMv0.1,1594,HC8,1
CRACMMv0.1,1654,OLI,1
CRACMMv0.1,1711,BALD,1
CRACMMv0.1,1762,PAH,1
CRACMMv0.1,1917,ROH,1
CRACMMv0.1,1947,HC8,1
CRACMMv0.1,1961,OLT,1
CRACMMv0.1,1963,HC8,1
CRACMMv0.1,2011,HC8,1
CRACMMv0.1,2012,HC8,1
CRACMMv0.1,2013,OLT,1
CRACMMv0.1,2014,HC8,1
CRACMMv0.1,2015,CSL,1
CRACMMv0.1,2018,HC8,1
CRACMMv0.1,2019,HC8,1
CRACMMv0.1,2020,OLT,1
CRACMMv0.1,2021,HC8,1
CRACMMv0.1,2049,IVOCP6ARO,1
CRACMMv0.1,2067,HC5,1
CRACMMv0.1,2068,OLI,1
CRACMMv0.1,2086,HC8,1
CRACMMv0.1,2090,HC8,1
CRACMMv0.1,2093,HC8,1
CRACMMv0.1,2094,OLI,1
CRACMMv0.1,2098,HC8,1
CRACMMv0.1,2123,HC8,1
CRACMMv0.1,2124,XYOP,1
CRACMMv0.1,2128,HC8,1
CRACMMv0.1,2130,HC8,1
CRACMMv0.1,2134,XYOP,1
CRACMMv0.1,2164,BALD,1
CRACMMv0.1,2178,HC8,1
CRACMMv0.1,2180,OLT,1
CRACMMv0.1,2183,ALD,1
CRACMMv0.1,2187,IVOCP6ARO,1
CRACMMv0.1,2193,HC8,1
CRACMMv0.1,2234,HC3,1
CRACMMv0.1,2269,HC8,1
CRACMMv0.1,2300,HC8,1
CRACMMv0.1,2339,MCT,1
CRACMMv0.1,2343,CSL,1
CRACMMv0.1,2626,HC8,1
CRACMMv0.1,2638,KET,1
CRACMMv0.1,2639,KET,1
CRACMMv0.1,2736,HC8,1
CRACMMv0.1,2793,HC8,1
CRACMMv0.1,2797,OLT,1
CRACMMv0.1,2801,HC8,1
CRACMMv0.1,2808,OLT,1
CRACMMv0.1,2824,OLI,1
CRACMMv0.1,2825,OLT,1
CRACMMv0.1,2827,OLT,1
CRACMMv0.1,2846,HC3,1
CRACMMv0.1,2920,PAH,1
CRACMMv0.1,3174,IVOCP4,1
CRACMMv0.1,38,HC8,1
CRACMMv0.1,66,IVOCP3,1
CRACMMv0.1,67,HC8,1
CRACMMv0.1,293,SVOCP0,1
CRACMMv0.1,315,NAPH,1
CRACMMv0.1,316,OLI,1
CRACMMv0.1,336,SVOCP1,1
CRACMMv0.1,405,HC8,1
CRACMMv0.1,423,CSL,1
CRACMMv0.1,427,HC8,1
CRACMMv0.1,434,HC8,1
CRACMMv0.1,475,ETEG,1
CRACMMv0.1,499,XYOP,1
CRACMMv0.1,501,HC8,1
CRACMMv0.1,516,HC8,1
CRACMMv0.1,560,HC8,1
CRACMMv0.1,562,IVOCP4,1
CRACMMv0.1,564,OLT,1
CRACMMv0.1,566,NAPH,1
CRACMMv0.1,567,SVOCP1,1
CRACMMv0.1,573,DIEN,1
CRACMMv0.1,575,SVOCP1,1
CRACMMv0.1,577,HC8,1
CRACMMv0.1,578,UNKKOH,1
CRACMMv0.1,579,NAPH,1
CRACMMv0.1,581,SVOCN1,1
CRACMMv0.1,582,IVOCP4ARO,1
CRACMMv0.1,588,API,1
CRACMMv0.1,625,LIM,1
CRACMMv0.1,640,HC8,1
CRACMMv0.1,659,OLI,1
CRACMMv0.1,688,SVOCP1,1
CRACMMv0.1,691,IVOCP6,1
CRACMMv0.1,763,IVOCP4,1
CRACMMv0.1,766,PAH,1
CRACMMv0.1,774,HC8,1
CRACMMv0.1,1081,XYOP,1
CRACMMv0.1,1125,IVOCP6ARO,1
CRACMMv0.1,1161,XYOP,1
CRACMMv0.1,1474,HC8,1
CRACMMv0.1,1475,HC8,1
CRACMMv0.1,1484,HC8,1
CRACMMv0.1,1486,HC8,1
CRACMMv0.1,1498,HC8,1
CRACMMv0.1,1499,HC8,1
CRACMMv0.1,1500,HC8,1
CRACMMv0.1,1503,HC8,1
CRACMMv0.1,1527,HC8,1
CRACMMv0.1,1529,HC8,1
CRACMMv0.1,1551,HC8,1
CRACMMv0.1,1560,NAPH,1
CRACMMv0.1,1580,HC8,1
CRACMMv0.1,1591,OLT,1
CRACMMv0.1,1612,CSL,1
CRACMMv0.1,1652,IVOCP6ARO,1
CRACMMv0.1,1709,HC8,1
CRACMMv0.1,1719,SVOCP2,1
CRACMMv0.1,1746,XYOP,1
CRACMMv0.1,1779,PAH,1
CRACMMv0.1,1782,SVOCP0,1
CRACMMv0.1,1784,PAH,1
CRACMMv0.1,1811,IVOCP5ARO,1
CRACMMv0.1,1815,CSL,1
CRACMMv0.1,1827,DIEN,1
CRACMMv0.1,1830,SVOCN1,1
CRACMMv0.1,1832,SVOCN1,1
CRACMMv0.1,1834,PAH,1
CRACMMv0.1,1874,PAH,1
CRACMMv0.1,1923,NAPH,1
CRACMMv0.1,1927,XYM,1
CRACMMv0.1,1928,API,1
CRACMMv0.1,1964,IVOCP6ARO,1
CRACMMv0.1,1977,HC8,1
CRACMMv0.1,1985,IVOCP6ARO,1
CRACMMv0.1,2022,CSL,1
CRACMMv0.1,2033,SVOCP1,1
CRACMMv0.1,2075,HC8,1
CRACMMv0.1,2084,XYM,1
CRACMMv0.1,2088,XYOP,1
CRACMMv0.1,2089,HC8,1
CRACMMv0.1,2100,OLI,1
CRACMMv0.1,2121,HC8,1
CRACMMv0.1,2188,HC8,1
CRACMMv0.1,2192,OLI,1
CRACMMv0.1,2197,HC8,1
CRACMMv0.1,2207,OLI,1
CRACMMv0.1,2213,HC8,1
CRACMMv0.1,2229,BEN,1
CRACMMv0.1,2236,OLI,1
CRACMMv0.1,2237,IVOCP4ARO,1
CRACMMv0.1,2241,HC8,1
CRACMMv0.1,2243,XYM,1
CRACMMv0.1,2245,IVOCP4ARO,1
CRACMMv0.1,2248,API,1
CRACMMv0.1,2253,XYM,1
CRACMMv0.1,2256,IVOCP6ARO,1
CRACMMv0.1,2275,OLT,1
CRACMMv0.1,2276,HC8,1
CRACMMv0.1,2277,HC8,1
CRACMMv0.1,2280,HC8,1
CRACMMv0.1,2282,HC8,1
CRACMMv0.1,2283,HC8,1
CRACMMv0.1,2285,HC8,1
CRACMMv0.1,2286,HC8,1
CRACMMv0.1,2287,HC8,1
CRACMMv0.1,2288,HC8,1
CRACMMv0.1,2289,HC8,1
CRACMMv0.1,2290,HC8,1
CRACMMv0.1,2291,HC8,1
CRACMMv0.1,2292,HC8,1
CRACMMv0.1,2293,HC8,1
CRACMMv0.1,2297,HC8,1
CRACMMv0.1,2431,PAH,1
CRACMMv0.1,2624,HC8,1
CRACMMv0.1,2625,HC8,1
CRACMMv0.1,2627,NAPH,1
CRACMMv0.1,2629,HC8,1
CRACMMv0.1,2630,HC8,1
CRACMMv0.1,2632,HC8,1
CRACMMv0.1,2633,HC8,1
CRACMMv0.1,2634,HC8,1
CRACMMv0.1,2635,SVOCP1,1
CRACMMv0.1,2720,ROH,1
CRACMMv0.1,2757,API,1
CRACMMv0.1,2830,XYM,1
CRACMMv0.1,303,PHEN,1
CRACMMv0.1,989,SVOCP0,1
CRACMMv0.1,990,SVOCP0,1
CRACMMv0.1,993,SVOCN1,1
CRACMMv0.1,1004,SVOCN1,1
CRACMMv0.1,1010,SVOCP0,1
CRACMMv0.1,1011,SVOCP0,1
CRACMMv0.1,1017,SVOCP0,1
CRACMMv0.1,1019,SVOCP0,1
CRACMMv0.1,1022,SVOCP0,1
CRACMMv0.1,1024,SVOCP0,1
CRACMMv0.1,1025,SVOCP0,1
CRACMMv0.1,1026,SVOCP0,1
CRACMMv0.1,1066,SVOCP0,1
CRACMMv0.1,1387,SVOCN1,1
CRACMMv0.1,1391,SVOCN1,1
CRACMMv0.1,1393,SVOCN1,1
CRACMMv0.1,1396,SVOCN1,1
CRACMMv0.1,1407,SVOCP0,1
CRACMMv0.1,1408,SVOCP0,1
CRACMMv0.1,1409,SVOCP0,1
CRACMMv0.1,1410,SVOCP0,1
CRACMMv0.1,1411,SVOCP0,1
CRACMMv0.1,1413,SVOCP0,1
CRACMMv0.1,1415,SVOCP0,1
CRACMMv0.1,1416,SVOCP0,1
CRACMMv0.1,1725,SVOCN1,1
CRACMMv0.1,1726,SVOCN1,1
CRACMMv0.1,1735,SVOCP1,1
CRACMMv0.1,1737,SVOCP0,1
CRACMMv0.1,1741,SVOCP0,1
CRACMMv0.1,1742,SVOCP0,1
CRACMMv0.1,1743,SVOCP0,1
CRACMMv0.1,1744,SVOCP0,1
CRACMMv0.1,1745,SVOCP0,1
CRACMMv0.1,1954,SVOCP1,1
CRACMMv0.1,1955,SVOCP1,1
CRACMMv0.1,1956,SVOCN1,1
CRACMMv0.1,1957,SVOCN1,1
CRACMMv0.1,2032,UNKSMILES,1
CRACMMv0.1,2045,PAH,1
CRACMMv0.1,2348,SVOCP0,1
CRACMMv0.1,2349,SVOCP1,1
CRACMMv0.1,2350,SVOCN1,1
CRACMMv0.1,2351,SVOCN1,1
CRACMMv0.1,2352,SVOCP2,1
CRACMMv0.1,2356,SVOCP0,1
CRACMMv0.1,2357,SVOCP1,1
CRACMMv0.1,2358,SVOCN1,1
CRACMMv0.1,2359,SVOCP2,1
CRACMMv0.1,2363,UNKSMILES,1
CRACMMv0.1,2381,SVOCP1,1
CRACMMv0.1,2399,SVOCP0,1
CRACMMv0.1,2400,SVOCP0,1
CRACMMv0.1,2405,SVOCN1,1
CRACMMv0.1,2424,SVOCP2,1
CRACMMv0.1,2425,SVOCN1,1
CRACMMv0.1,2438,PAH,1
CRACMMv0.1,2462,SVOCP0,1
CRACMMv0.1,2470,PAH,1
CRACMMv0.1,2478,SVOCP0,1
CRACMMv0.1,2479,SVOCP0,1
CRACMMv0.1,2480,SVOCP0,1
CRACMMv0.1,2481,SVOCP0,1
CRACMMv0.1,2482,SVOCP0,1
CRACMMv0.1,2484,SVOCN1,1
CRACMMv0.1,2507,SVOCP0,1
CRACMMv0.1,2508,SVOCP0,1
CRACMMv0.1,2521,SVOCP0,1
CRACMMv0.1,2522,SVOCP0,1
CRACMMv0.1,2523,SVOCP0,1
CRACMMv0.1,2524,SVOCP0,1
CRACMMv0.1,2525,SVOCN1,1
CRACMMv0.1,2526,SVOCN1,1
CRACMMv0.1,2527,SVOCP0,1
CRACMMv0.1,2528,SVOCP0,1
CRACMMv0.1,2529,SVOCP0,1
CRACMMv0.1,2530,SVOCP0,1
CRACMMv0.1,2531,SVOCP0,1
CRACMMv0.1,2532,SVOCP0,1
CRACMMv0.1,2533,SVOCP0,1
CRACMMv0.1,2534,SVOCP0,1
CRACMMv0.1,2535,SVOCN1,1
CRACMMv0.1,2536,SVOCP0,1
CRACMMv0.1,2537,SVOCP0,1
CRACMMv0.1,2538,SVOCN1,1
CRACMMv0.1,2539,SVOCP0,1
CRACMMv0.1,2540,SVOCP0,1
CRACMMv0.1,2549,SVOCN1,1
CRACMMv0.1,2550,SVOCP0,1
CRACMMv0.1,2551,SVOCP0,1
CRACMMv0.1,2552,SVOCP0,1
CRACMMv0.1,2558,SVOCP0,1
CRACMMv0.1,2603,SVOCP0,1
CRACMMv0.1,2860,SVOCP0,1
CRACMMv0.1,2883,SVOCP1,1
CRACMMv0.1,2918,PAH,1
CRACMMv0.1,2919,PAH,1
CRACMMv0.1,2922,SVOCP0,1
CRACMMv0.1,3133,UNKSMILES,1
CRACMMv0.1,3240,SVOCP1,1
CRACMMv0.1,2053,HC8,1
CRACMMv0.1,2065,DIEN,1
CRACMMv0.1,571,IVOCP5,1
CRACMMv0.1,576,IVOCP5,1
CRACMMv0.1,2215,IVOCP5,1
CRACMMv0.1,2218,IVOCP3,1
CRACMMv0.1,2254,OLT,1
CRACMMv0.1,2031,PAH,1
CRACMMv0.1,32,DIEN,1
CRACMMv0.1,2273,ACD,1
CRACMMv0.1,2281,HC8,1
CRACMMv0.1,2009,HC8,1
CRACMMv0.1,574,IVOCP3,1
CRACMMv0.1,2039,MOH,1
CRACMMv0.1,289,HC5,1
CRACMMv0.1,2226,HC5,1
CRACMMv0.1,2203,HC5,1
CRACMMv0.1,563,OLI,1
CRACMMv0.1,2137,ALD,1
CRACMMv0.1,561,HC3,1
CRACMMv0.1,568,HC3,1
CRACMMv0.1,2138,HC8,1
CRACMMv0.1,2141,HC5,1
CRACMMv0.1,2220,DIEN,1
CRACMMv0.1,2182,DIEN,1
CRACMMv0.1,3001,DIEN,1
CRACMMv0.1,2006,HC8,1
CRACMMv0.1,2062,OLI,1
CRACMMv0.1,2004,DIEN,1
CRACMMv0.1,2814,DIEN,1
CRACMMv0.1,3011,DIEN,1
CRACMMv0.1,2120,OLT,1
CRACMMv0.1,2058,OLT,1
CRACMMv0.1,2108,OLT,1
CRACMMv0.1,2115,OLT,1
CRACMMv0.1,2116,HC8,1
CRACMMv0.1,2143,ROH,1
CRACMMv0.1,2168,DIEN,1
CRACMMv0.1,2016,OLI,1
CRACMMv0.1,1989,OLT,1
CRACMMv0.1,1998,OLT,1
CRACMMv0.1,2225,HC8,1
CRACMMv0.1,1962,OLT,1
CRACMMv0.1,2301,HC3,1
CRACMMv0.1,2060,KET,1
CRACMMv0.1,2271,DIEN,1
CRACMMv0.1,2076,HC5,1
CRACMMv0.1,2820,OLI,1
CRACMMv0.1,2195,OLI,1
CRACMMv0.1,2167,OLT,1
CRACMMv0.1,538,HC5,1
CRACMMv0.1,2184,HC5,1
CRACMMv0.1,2185,OLT,1
CRACMMv0.1,2078,OLT,1
CRACMMv0.1,2101,OLT,1
CRACMMv0.1,1649,OLT,1
CRACMMv0.1,238,OLI,1
CRACMMv0.1,2181,HC8,1
CRACMMv0.1,2848,UNKSMILES,1
CRACMMv0.1,1976,HC3,1
CRACMMv0.1,309,HC3,1
CRACMMv0.1,1542,HC8,1
CRACMMv0.1,2010,OLI,1
CRACMMv0.1,2169,OLI,1
CRACMMv0.1,425,HC8,1
CRACMMv0.1,2087,OLI,1
CRACMMv0.1,1946,ETH,1
CRACMMv0.1,1988,HC3,1
CRACMMv0.1,2841,ORA1,1
CRACMMv0.1,2005,HC8,1
CRACMMv0.1,1543,HC8,1
CRACMMv0.1,2008,HC8,1
CRACMMv0.1,2007,OLT,1
CRACMMv0.1,2616,OLI,1
CRACMMv0.1,1118,DIEN,1
CRACMMv0.1,324,ALD,1
CRACMMv0.1,1975,OLT,1
CRACMMv0.1,2000,OLT,1
CRACMMv0.1,291,MVK,1
CRACMMv0.1,507,XYM,1
CRACMMv0.1,633,HC8,1
CRACMMv0.1,1999,HC5,1
CRACMMv0.1,2212,DIEN,1
CRACMMv0.1,2815,DIEN,1
CRACMMv0.1,2839,IVOCP3,1
CRACMMv0.1,2222,OLI,1
CRACMMv0.1,323,ALD,1
CRACMMv0.1,1990,HC5,1
CRACMMv0.1,1986,HC5,1
CRACMMv0.1,2132,HC5,1
CRACMMv0.1,2133,OLT,1
CRACMMv0.1,1991,OLT,1
CRACMMv0.1,2257,ALD,1
CRACMMv0.1,322,HC3,1
CRACMMv0.1,2854,UNKSMILES,1
CRACMMv0.1,2091,OLT,1
